a,p,p,a,r,e,n,t, ,a,p,p,a,r,e,n,t, ,a,c,t,i,v,e, ,c,t,i,m,e, ,t
150.29776199854194,4.42368,0.0,Wed Jun 20 16:21:56 2018,1529504516.261
0.0,0.0,0.0,Wed Jun 20 16:21:56 2018,1529504516.3612523
0.0,0.0,0.0,Wed Jun 20 16:21:56 2018,1529504516.4614635
0.0,0.0,0.0,Wed Jun 20 16:21:56 2018,1529504516.561681
0.0,0.0,0.0,Wed Jun 20 16:21:56 2018,1529504516.6618776
0.0,0.0,0.0,Wed Jun 20 16:21:56 2018,1529504516.76207
0.0,0.0,0.0,Wed Jun 20 16:21:56 2018,1529504516.8622673
0.0,0.0,0.0,Wed Jun 20 16:21:56 2018,1529504516.9624684
0.0,0.0,0.0,Wed Jun 20 16:21:57 2018,1529504517.0626657
0.0,0.0,0.0,Wed Jun 20 16:21:57 2018,1529504517.1628675
0.0,0.0,0.0,Wed Jun 20 16:21:57 2018,1529504517.2630646
27.962066588750957,28.01664,136.5878542376848,Wed Jun 20 16:21:57 2018,1529504517.3632598
198.30425714397484,198.69696,21.49048229651574,Wed Jun 20 16:21:57 2018,1529504517.4634578
211.54856500754292,211.968,2.3878256845110912,Wed Jun 20 16:21:57 2018,1529504517.563656
147.89792872098758,148.19328000000002,1.432674956680975,Wed Jun 20 16:21:57 2018,1529504517.6638558
90.87239172061705,91.05408,0.9551143651556504,Wed Jun 20 16:21:57 2018,1529504517.7640557
54.077703485665076,54.19008,0.4775196871887358,Wed Jun 20 16:21:57 2018,1529504517.8642635
33.8443880723286,33.91488,0.9550348298602916,Wed Jun 20 16:21:57 2018,1529504517.9644718
25.01428649064648,25.06752,0.0,Wed Jun 20 16:21:58 2018,1529504518.0646846
21.337034796936454,21.38112,0.4775253679298211,Wed Jun 20 16:21:58 2018,1529504518.1648912
19.865326095878906,19.90656,0.0,Wed Jun 20 16:21:58 2018,1529504518.2650988
19.860317319702098,19.90656,0.47740042283977197,Wed Jun 20 16:21:58 2018,1529504518.3653316
19.12889059210689,19.169279999999997,0.0,Wed Jun 20 16:21:58 2018,1529504518.4655428
19.129118148494804,19.169279999999997,0.0,Wed Jun 20 16:21:58 2018,1529504518.5657527
19.129618791605996,19.169279999999997,0.0,Wed Jun 20 16:21:58 2018,1529504518.66596
19.130802234047312,19.169279999999997,0.0,Wed Jun 20 16:21:58 2018,1529504518.7661612
19.130938794520677,19.169279999999997,0.0,Wed Jun 20 16:21:58 2018,1529504518.8663616
19.12916366042207,19.169279999999997,0.0,Wed Jun 20 16:21:58 2018,1529504518.9665713
19.129391223306882,19.169279999999997,0.0,Wed Jun 20 16:21:59 2018,1529504519.0667799
19.128344478864125,19.169279999999997,0.0,Wed Jun 20 16:21:59 2018,1529504519.1669939
19.129846365319597,19.169279999999997,0.0,Wed Jun 20 16:21:59 2018,1529504519.2672
19.12866304113285,19.169279999999997,0.0,Wed Jun 20 16:21:59 2018,1529504519.3674123
19.12884508147898,19.169279999999997,0.0,Wed Jun 20 16:21:59 2018,1529504519.4676237
19.49652194577002,19.53792,0.0,Wed Jun 20 16:21:59 2018,1529504519.567836
19.129345710296782,19.169279999999997,0.0,Wed Jun 20 16:21:59 2018,1529504519.6680448
18.761295128490875,18.800639999999998,0.0,Wed Jun 20 16:21:59 2018,1529504519.7682545
19.130164977615348,19.169279999999997,0.0,Wed Jun 20 16:21:59 2018,1529504519.868459
19.129118148494804,19.169279999999997,0.0,Wed Jun 20 16:21:59 2018,1529504519.968669
19.128298970834752,19.169279999999997,0.0,Wed Jun 20 16:22:00 2018,1529504520.0688832
19.12779839680259,19.169279999999997,8010726.199485551,Wed Jun 20 16:22:00 2018,1529504520.1691
19.12620583553256,19.169279999999997,0.0,Wed Jun 20 16:22:00 2018,1529504520.2693253
19.13021049452398,19.169279999999997,0.0,Wed Jun 20 16:22:00 2018,1529504520.3695295
19.130529118949273,19.169279999999997,0.0,Wed Jun 20 16:22:00 2018,1529504520.469732
19.13007394444788,19.169279999999997,8011679.19934273,Wed Jun 20 16:22:00 2018,1529504520.569937
19.129027125289962,19.169279999999997,0.0,Wed Jun 20 16:22:00 2018,1529504520.6701474
19.12798042069202,19.169279999999997,0.0,Wed Jun 20 16:22:00 2018,1529504520.7703633
19.123112474490004,19.169279999999997,8008763.734184554,Wed Jun 20 16:22:00 2018,1529504520.8706048
29.793948575109784,29.859839999999995,31.034644687889852,Wed Jun 20 16:22:00 2018,1529504520.970826
70.65311511565841,70.77888,87.41209956841617,Wed Jun 20 16:22:01 2018,1529504521.071004
93.47641489652023,93.63456000000001,94.10765095983626,Wed Jun 20 16:22:01 2018,1529504521.171173
100.84228300150671,101.00735999999999,93.63507307416936,Wed Jun 20 16:22:01 2018,1529504521.2713368
102.6729393868563,102.85055999999999,94.1040672375632,Wed Jun 20 16:22:01 2018,1529504521.3715098
103.04756478053169,103.21919999999999,93.63239860781047,Wed Jun 20 16:22:01 2018,1529504521.4716763
103.04584787706837,103.21919999999999,93.6308385729878,Wed Jun 20 16:22:01 2018,1529504521.5718446
103.41263805802338,103.58784,93.62972429422695,Wed Jun 20 16:22:01 2018,1529504521.672014
103.39565732927822,103.58784,94.56959842419363,Wed Jun 20 16:22:01 2018,1529504521.7721999
103.00539457122395,103.21919999999999,93.11656054859732,Wed Jun 20 16:22:01 2018,1529504521.8724074
103.0154436388902,103.21919999999999,93.60321228454006,Wed Jun 20 16:22:01 2018,1529504521.9726052
103.0031889407342,103.21919999999999,93.11456666540411,Wed Jun 20 16:22:02 2018,1529504522.072815
102.63629717640005,102.85055999999999,93.11545282517024,Wed Jun 20 16:22:02 2018,1529504522.1730237
103.01470827477078,103.21919999999999,93.12498010801808,Wed Jun 20 16:22:02 2018,1529504522.2732222
102.632390217557,102.85055999999999,92.63441132172764,Wed Jun 20 16:22:02 2018,1529504522.3734348
102.63678556717042,102.85055999999999,93.11589591137844,Wed Jun 20 16:22:02 2018,1529504522.473643
102.26720856310683,102.48191999999999,92.15932620370725,Wed Jun 20 16:22:02 2018,1529504522.573853
102.2747518282288,102.48191999999999,92.64366859134672,Wed Jun 20 16:22:02 2018,1529504522.6740556
102.25601738134014,102.48191999999999,92.14924113552624,Wed Jun 20 16:22:02 2018,1529504522.7742765
101.89958334494064,102.11327999999999,92.15954546883586,Wed Jun 20 16:22:02 2018,1529504522.8744862
101.9078269416098,102.11327999999999,91.68945187553322,Wed Jun 20 16:22:02 2018,1529504522.9746878
101.5329226467827,101.74464,91.68312553132036,Wed Jun 20 16:22:03 2018,1529504523.0748963
101.82908237429773,102.11327999999999,91.61860308568359,Wed Jun 20 16:22:03 2018,1529504523.1751754
101.14026429183079,101.37599999999999,91.18326386956673,Wed Jun 20 16:22:03 2018,1529504523.2754085
101.53171481300944,101.74464,90.72701367398349,Wed Jun 20 16:22:03 2018,1529504523.3756182
101.15951407091603,101.37599999999999,91.20061855711921,Wed Jun 20 16:22:03 2018,1529504523.4758322
100.79837594038544,101.00735999999999,90.72917229910064,Wed Jun 20 16:22:03 2018,1529504523.5760396
100.80772997671447,101.00735999999999,90.26002564536611,Wed Jun 20 16:22:03 2018,1529504523.6762376
100.78398850448187,101.00735999999999,90.23876828848417,Wed Jun 20 16:22:03 2018,1529504523.7764592
100.42858709586304,100.63871999999999,89.77241964983392,Wed Jun 20 16:22:03 2018,1529504523.8766685
100.06095487924779,100.27008,89.77263323756777,Wed Jun 20 16:22:03 2018,1529504523.9768775
100.06833548056991,100.27008,89.30170573294122,Wed Jun 20 16:22:04 2018,1529504524.077079
99.68193698591186,99.90143999999998,88.80767448163404,Wed Jun 20 16:22:04 2018,1529504524.1772993
177.65175947087621,178.05312,203.86404325195326,Wed Jun 20 16:22:04 2018,1529504524.2775252
211.8872331791397,212.33664,113.16731932065474,Wed Jun 20 16:22:04 2018,1529504524.3777373
166.28132382383924,166.62527999999998,120.33610640623938,Wed Jun 20 16:22:04 2018,1529504524.4779441
143.46599678300714,143.7696,118.89787592164791,Wed Jun 20 16:22:04 2018,1529504524.5781558
134.98494916457213,135.29088,117.92519750537156,Wed Jun 20 16:22:04 2018,1529504524.6783824
135.74607201503682,136.02815999999999,129.8853549153361,Wed Jun 20 16:22:04 2018,1529504524.7785902
143.125376603696,143.40096,134.68105986910658,Wed Jun 20 16:22:04 2018,1529504524.8787827
147.15826644300572,147.456,136.10055861931716,Wed Jun 20 16:22:04 2018,1529504524.978985
148.9956176777187,149.2992,135.62107664181022,Wed Jun 20 16:22:05 2018,1529504525.0791888
148.99136366826318,149.2992,136.094729859999,Wed Jun 20 16:22:05 2018,1529504525.1793954
150.47004348632925,150.77375999999998,137.53385056679858,Wed Jun 20 16:22:05 2018,1529504525.2795973
150.83148095732759,151.14239999999998,137.05043275579678,Wed Jun 20 16:22:05 2018,1529504525.3798034
150.83183982869133,151.14239999999998,136.09570128521463,Wed Jun 20 16:22:05 2018,1529504525.4800093
150.46717933379492,150.77375999999998,136.0986156440701,Wed Jun 20 16:22:05 2018,1529504525.580213
149.01192696460825,149.2992,133.7255568334781,Wed Jun 20 16:22:05 2018,1529504525.6804059
148.62065488876888,148.93056,134.65959062412676,Wed Jun 20 16:22:05 2018,1529504525.7806144
149.7125190227674,150.03647999999998,137.03641268478606,Wed Jun 20 16:22:05 2018,1529504525.8808308
150.09143231887168,150.40511999999998,134.18143584976886,Wed Jun 20 16:22:05 2018,1529504525.9810398
150.08893266378945,150.40511999999998,139.9092738107377,Wed Jun 20 16:22:06 2018,1529504526.0812504
154.86859885224865,155.19744,143.72692858316572,Wed Jun 20 16:22:06 2018,1529504526.1814628
156.70043714854367,157.04063999999997,142.76513923189793,Wed Jun 20 16:22:06 2018,1529504526.2816799
157.07014691606713,157.40927999999997,141.81187533484072,Wed Jun 20 16:22:06 2018,1529504526.3818958
156.34263819144735,156.672,141.3417919726224,Wed Jun 20 16:22:06 2018,1529504526.4821064
156.33705889624557,156.672,141.33674800259035,Wed Jun 20 16:22:06 2018,1529504526.5823207
155.9948146531766,156.30336,141.35995324604008,Wed Jun 20 16:22:06 2018,1529504526.6825185
155.59802345609486,155.93472,140.85624300352575,Wed Jun 20 16:22:06 2018,1529504526.7827349
155.96846486731647,156.30336,140.85858875889716,Wed Jun 20 16:22:06 2018,1529504526.8829496
155.96660958410413,156.30336,148.97409126084278,Wed Jun 20 16:22:06 2018,1529504526.9831655
171.02143314028004,171.4176,175.20803897289167,Wed Jun 20 16:22:07 2018,1529504527.0833972
182.8093483428022,183.21407999999997,177.61323630065158,Wed Jun 20 16:22:07 2018,1529504527.1836185
188.30971010704644,188.74367999999998,176.64235814950155,Wed Jun 20 16:22:07 2018,1529504527.283849
188.3065746279103,188.74367999999998,175.20720545066555,Wed Jun 20 16:22:07 2018,1529504527.3840811
187.20633289938797,187.63776,174.25529925558936,Wed Jun 20 16:22:07 2018,1529504527.4843116
187.21880236626393,187.63776,174.26690607811707,Wed Jun 20 16:22:07 2018,1529504527.5845354
186.48583030997492,186.90047999999996,174.269393455542,Wed Jun 20 16:22:07 2018,1529504527.6847577
186.4862739414885,186.90047999999996,173.79235649651304,Wed Jun 20 16:22:07 2018,1529504527.7849798
186.48583030997492,186.90047999999996,173.79194306251316,Wed Jun 20 16:22:07 2018,1529504527.8852022
186.09808629696866,186.53184,173.2959412809043,Wed Jun 20 16:22:07 2018,1529504527.9854352
185.73737236027324,186.16319999999996,173.77995433211672,Wed Jun 20 16:22:08 2018,1529504528.0856645
186.10959618617352,186.53184,173.78408819023463,Wed Jun 20 16:22:08 2018,1529504528.1858914
388.98094497243625,390.02112,741.6244679461736,Wed Jun 20 16:22:08 2018,1529504528.2861588
1005.348331644396,1007.8617599999999,1291.1470185735411,Wed Jun 20 16:22:08 2018,1529504528.3864088
1245.8880259298771,1248.95232,1338.9330193436365,Wed Jun 20 16:22:08 2018,1529504528.4866548
1341.4641726082007,1344.79872,1381.8572853431635,Wed Jun 20 16:22:08 2018,1529504528.5869033
1397.2654668902096,1400.8319999999999,1421.3806486642704,Wed Jun 20 16:22:08 2018,1529504528.6871586
1441.4376302038354,1445.0688000000002,1461.5219791037955,Wed Jun 20 16:22:08 2018,1529504528.7874105
1480.9309156624813,1484.51328,1500.3339159037841,Wed Jun 20 16:22:08 2018,1529504528.8876524
1520.2585149277895,1523.95776,1538.0231921384075,Wed Jun 20 16:22:08 2018,1529504528.9878957
1558.0102776400395,1561.92768,1575.6064664456635,Wed Jun 20 16:22:09 2018,1529504529.0881472
1594.8045773012968,1598.7916799999998,1612.3824875199346,Wed Jun 20 16:22:09 2018,1529504529.1883972
1629.4865802718903,1633.44384,1644.9575206036898,Wed Jun 20 16:22:09 2018,1529504529.28864
1663.88857910966,1668.096,1681.5457061073614,Wed Jun 20 16:22:09 2018,1529504529.388893
1698.8373241575491,1703.85408,1717.0940191782977,Wed Jun 20 16:22:09 2018,1529504529.4891882
1734.0964802262467,1738.50624,1752.1618524802338,Wed Jun 20 16:22:09 2018,1529504529.5894425
1767.2004577994185,1771.3152000000002,1784.5227805750676,Wed Jun 20 16:22:09 2018,1529504529.6896753
1801.1607994386766,1805.23008,1819.4985218575966,Wed Jun 20 16:22:09 2018,1529504529.7899013
1834.8290060363495,1839.1449599999999,1852.7469707242783,Wed Jun 20 16:22:09 2018,1529504529.8901365
1865.5046718019723,1870.1107200000001,1883.557729668275,Wed Jun 20 16:22:09 2018,1529504529.9903834
1898.158528946449,1902.55104,1916.7900539072746,Wed Jun 20 16:22:10 2018,1529504530.0906148
1929.393049243652,1933.8854399999998,1947.7937251862695,Wed Jun 20 16:22:10 2018,1529504530.1908476
1960.4640797881862,1964.8511999999998,1979.0036320377956,Wed Jun 20 16:22:10 2018,1529504530.2910714
1989.884698168185,1994.3423999999998,2007.6454708232845,Wed Jun 20 16:22:10 2018,1529504530.3912954
2019.0389966399669,2024.2022399999998,2036.6025457678106,Wed Jun 20 16:22:10 2018,1529504530.4915512
2045.6244341694623,2050.0070399999995,2061.320071375617,Wed Jun 20 16:22:10 2018,1529504530.5917654
2071.1079905132606,2075.81184,2086.358952902891,Wed Jun 20 16:22:10 2018,1529504530.6919925
2092.9572071615194,2097.9302399999997,2103.3262016057697,Wed Jun 20 16:22:10 2018,1529504530.7922301
2110.4681085301654,2115.25632,2117.8742176150568,Wed Jun 20 16:22:10 2018,1529504530.892457
2125.568360211581,2130.37056,2132.217370405675,Wed Jun 20 16:22:10 2018,1529504530.992683
2140.7820835170587,2145.85344,2148.2150353966476,Wed Jun 20 16:22:11 2018,1529504531.0929198
2156.0554785589247,2160.96768,2164.1642201863015,Wed Jun 20 16:22:11 2018,1529504531.1931477
2171.8348016824257,2176.8192,2180.3603394263027,Wed Jun 20 16:22:11 2018,1529504531.2933772
2187.3950679472746,2192.67072,2195.381773273163,Wed Jun 20 16:22:11 2018,1529504531.3936183
2201.221821113606,2206.3104,2208.4911286079086,Wed Jun 20 16:22:11 2018,1529504531.4938495
2215.7922615294715,2220.68736,2222.085845827664,Wed Jun 20 16:22:11 2018,1529504531.5940704
2229.999639153705,2236.17024,2237.551271138344,Wed Jun 20 16:22:11 2018,1529504531.6943471
2237.8672292987467,2242.8057599999997,2241.6669241232103,Wed Jun 20 16:22:11 2018,1529504531.7945678
2250.855737070188,2256.44544,2253.458984249655,Wed Jun 20 16:22:11 2018,1529504531.8948162
2259.6090224668937,2264.92416,2259.005067113446,Wed Jun 20 16:22:11 2018,1529504531.9950514
2262.0739382171378,2267.136,2259.740456075968,Wed Jun 20 16:22:12 2018,1529504532.0952752
2267.5588264626585,2272.6656000000003,2265.4374440320576,Wed Jun 20 16:22:12 2018,1529504532.1955004
2271.1014414275955,2275.98336,2269.011597717827,Wed Jun 20 16:22:12 2018,1529504532.2957153
2276.024267492427,2280.77568,2273.9271095049266,Wed Jun 20 16:22:12 2018,1529504532.395924
2280.654670969277,2285.5679999999998,2279.98291816013,Wed Jun 20 16:22:12 2018,1529504532.4961395
2284.8205797512705,2289.62304,2279.6247488588365,Wed Jun 20 16:22:12 2018,1529504532.5963497
2286.502153322412,2291.4662399999997,2281.854850800134,Wed Jun 20 16:22:12 2018,1529504532.6965668
2287.5839086884916,2292.5721599999997,2281.8331366857683,Wed Jun 20 16:22:12 2018,1529504532.7967849
2288.3794690483664,2293.30944,2282.8478181620067,Wed Jun 20 16:22:12 2018,1529504532.8970003
2289.7774576460306,2295.15264,2282.4079892470745,Wed Jun 20 16:22:13 2018,1529504532.997235
2289.984442194164,2295.15264,2284.5240456008964,Wed Jun 20 16:22:13 2018,1529504533.0974607
2291.4229765401547,2296.6271999999994,2284.4914392769642,Wed Jun 20 16:22:13 2018,1529504533.1976879
2291.428427351504,2296.6271999999994,2284.0194447859403,Wed Jun 20 16:22:13 2018,1529504533.2979147
2290.998005123566,2295.88992,2282.4137748313074,Wed Jun 20 16:22:13 2018,1529504533.3981283
2290.3631488050237,2295.5212799999995,2281.1928572360735,Wed Jun 20 16:22:13 2018,1529504533.4983535
2287.706836319418,2292.9408000000003,2278.2469432746393,Wed Jun 20 16:22:13 2018,1529504533.5985823
2286.251957433736,2291.4662399999997,2276.8309320805142,Wed Jun 20 16:22:13 2018,1529504533.6988103
2285.690342649389,2290.72896,2274.6169610132083,Wed Jun 20 16:22:13 2018,1529504533.7990308
2280.3443838515905,2285.93664,2269.7582649690553,Wed Jun 20 16:22:13 2018,1529504533.899276
2277.8792274172292,2282.98752,2265.4590005851405,Wed Jun 20 16:22:14 2018,1529504533.9995003
2274.2768182331874,2279.3011199999996,2263.1471657118877,Wed Jun 20 16:22:14 2018,1529504534.0997212
2271.2045261341495,2276.352,2258.721090679809,Wed Jun 20 16:22:14 2018,1529504534.1999478
2266.758496406711,2271.92832,2253.4371984525114,Wed Jun 20 16:22:14 2018,1529504534.300176
2262.0470327241933,2267.136,2248.7325066493363,Wed Jun 20 16:22:14 2018,1529504534.4004009
2257.7568114802343,2262.7123199999996,2243.1259804197693,Wed Jun 20 16:22:14 2018,1529504534.5006204
2252.4785487846425,2257.55136,2238.2235484978473,Wed Jun 20 16:22:14 2018,1529504534.6008456
2248.5021550381052,2253.49632,2233.9957034263307,Wed Jun 20 16:22:14 2018,1529504534.7010677
2242.302743837652,2246.8608,2227.7300465871617,Wed Jun 20 16:22:14 2018,1529504534.801271
2237.6111868306184,2242.4371199999996,2224.1120768264323,Wed Jun 20 16:22:14 2018,1529504534.9014866
2232.9194883919317,2237.6447999999996,2217.0395096554666,Wed Jun 20 16:22:15 2018,1529504535.0016983
2229.7837993695134,2234.3270399999997,2212.915736472354,Wed Jun 20 16:22:15 2018,1529504535.101902
2223.571987362773,2228.06016,2208.1823785447104,Wed Jun 20 16:22:15 2018,1529504535.2021039
2218.131145417622,2222.8992,2201.6861273309974,Wed Jun 20 16:22:15 2018,1529504535.3023188
2213.2234647323394,2217.7382399999997,2197.6292594976035,Wed Jun 20 16:22:15 2018,1529504535.4025228
2207.962541990962,2212.20864,2191.199195319076,Wed Jun 20 16:22:15 2018,1529504535.502715
2204.005250022832,2208.52224,2187.580144391608,Wed Jun 20 16:22:15 2018,1529504535.60292
2198.9385567865534,2203.36128,2182.410359934557,Wed Jun 20 16:22:15 2018,1529504535.7031212
2195.202100451722,2199.67488,2178.0553893073816,Wed Jun 20 16:22:15 2018,1529504535.803325
2188.66860189342,2193.0393599999998,2171.4576760094646,Wed Jun 20 16:22:15 2018,1529504535.9035246
2185.6629518399545,2190.09024,2168.530407594358,Wed Jun 20 16:22:16 2018,1529504536.0037272
2180.7454109738337,2185.29792,2163.1435964001084,Wed Jun 20 16:22:16 2018,1529504536.103936
2175.8022709131455,2180.13696,2158.573873767795,Wed Jun 20 16:22:16 2018,1529504536.2041352
2171.081470951034,2175.34464,2152.4270450693,Wed Jun 20 16:22:16 2018,1529504536.3043315
2167.3576324759642,2172.02688,2149.1524847410983,Wed Jun 20 16:22:16 2018,1529504536.404547
2162.3878228879157,2166.86592,2144.078699321083,Wed Jun 20 16:22:16 2018,1529504536.504754
2156.8542553500292,2161.33632,2137.85563954397,Wed Jun 20 16:22:16 2018,1529504536.6049619
2155.244301348477,2159.86176,2138.1958025527015,Wed Jun 20 16:22:16 2018,1529504536.705176
2150.421298260624,2155.0694399999998,2130.9929087796277,Wed Jun 20 16:22:16 2018,1529504536.8053923
2146.0939554984393,2150.64576,2127.259103685725,Wed Jun 20 16:22:16 2018,1529504536.9056044
2143.1459784161534,2147.69664,2123.9115559399374,Wed Jun 20 16:22:17 2018,1529504537.0058167
2139.1046196817665,2143.6416,2119.619115883487,Wed Jun 20 16:22:17 2018,1529504537.1060288
2134.6874155740556,2139.5865599999997,2115.9091360493485,Wed Jun 20 16:22:17 2018,1529504537.2062583
2129.6770689865975,2134.05696,2110.682213780425,Wed Jun 20 16:22:17 2018,1529504537.306464
2129.1774712371507,2133.6883199999997,2109.119150544519,Wed Jun 20 16:22:17 2018,1529504537.4066758
2123.997102279769,2128.5273599999996,2107.6565628954436,Wed Jun 20 16:22:17 2018,1529504537.506889
2120.913468668126,2125.2095999999997,2098.808883809118,Wed Jun 20 16:22:17 2018,1529504537.6070917
2118.086216501557,2122.9977599999997,2097.7174168779275,Wed Jun 20 16:22:17 2018,1529504537.7073236
2114.0398586920564,2118.57408,2095.694294506476,Wed Jun 20 16:22:17 2018,1529504537.807538
2112.4217311324956,2116.73088,2093.048466835722,Wed Jun 20 16:22:17 2018,1529504537.907742
2109.438462384674,2113.7817600000003,2090.143454475033,Wed Jun 20 16:22:18 2018,1529504538.007948
2106.3199982115343,2110.83264,2087.104478105819,Wed Jun 20 16:22:18 2018,1529504538.1081622
2106.823182737441,2111.2012799999998,2095.3563873841726,Wed Jun 20 16:22:18 2018,1529504538.20837
2111.090816593921,2115.25632,2097.008475196277,Wed Jun 20 16:22:18 2018,1529504538.3085673
2115.239026035483,2119.68,2097.6990674242797,Wed Jun 20 16:22:18 2018,1529504538.4087772
2115.742805090501,2120.04864,2096.8787481061304,Wed Jun 20 16:22:18 2018,1529504538.5089808
2108.8397732474855,2113.41312,2090.392195686098,Wed Jun 20 16:22:18 2018,1529504538.6091976
2109.559814819963,2115.25632,2090.2382294539084,Wed Jun 20 16:22:18 2018,1529504538.7094676
2107.9869942631994,2112.3072,2087.298146940781,Wed Jun 20 16:22:18 2018,1529504538.8096726
2106.25485563721,2110.83264,2087.0399298136776,Wed Jun 20 16:22:18 2018,1529504538.90989
2108.794621342856,2113.41312,2091.7798376429796,Wed Jun 20 16:22:19 2018,1529504539.010109
2097.556426080644,2101.98528,2076.186443408651,Wed Jun 20 16:22:19 2018,1529504539.11032
2100.5593031847425,2104.9343999999996,2081.498411680506,Wed Jun 20 16:22:19 2018,1529504539.2105284
2098.769868835815,2103.0912,2079.6378213933676,Wed Jun 20 16:22:19 2018,1529504539.3107343
2094.2356915016917,2098.66752,2068.059038621113,Wed Jun 20 16:22:19 2018,1529504539.410946
2088.0515945493166,2092.40064,2064.3077847430204,Wed Jun 20 16:22:19 2018,1529504539.5111542
2081.8522254957943,2086.1337599999997,2061.496632780564,Wed Jun 20 16:22:19 2018,1529504539.6113598
2079.87424681856,2084.29056,2060.8818065280507,Wed Jun 20 16:22:19 2018,1529504539.7115722
2077.7412417645432,2082.07872,2059.0452952929954,Wed Jun 20 16:22:19 2018,1529504539.811781
2076.894577786577,2080.9728,2057.8673479484387,Wed Jun 20 16:22:19 2018,1529504539.9119773
2075.289576741504,2079.49824,2056.7800578317688,Wed Jun 20 16:22:20 2018,1529504540.01218
2074.2056361269547,2078.39232,2055.3669890260453,Wed Jun 20 16:22:20 2018,1529504540.112382
2073.106876591954,2077.2864,2055.8494287717217,Wed Jun 20 16:22:20 2018,1529504540.2125835
2074.2303130699356,2078.39232,2055.8689956182284,Wed Jun 20 16:22:20 2018,1529504540.3127842
2074.161219109197,2078.39232,2053.412823954736,Wed Jun 20 16:22:20 2018,1529504540.4129882
2068.6970193199404,2072.8627199999996,2046.3033131525026,Wed Jun 20 16:22:20 2018,1529504540.5131896
2064.9345016515376,2069.17632,2043.8328888899719,Wed Jun 20 16:22:20 2018,1529504540.613395
2062.158247997373,2066.2272,2042.5655314084433,Wed Jun 20 16:22:20 2018,1529504540.7135923
2060.9417140411106,2065.12128,2042.4537514154806,Wed Jun 20 16:22:20 2018,1529504540.813795
2060.1863185067277,2064.384,2041.0016956587917,Wed Jun 20 16:22:20 2018,1529504540.9139988
2058.5580206914688,2062.90944,2040.3688054025663,Wed Jun 20 16:22:21 2018,1529504541.0142102
2059.730213800387,2064.01536,2041.3918057675535,Wed Jun 20 16:22:21 2018,1529504541.1144183
2059.3182427061042,2063.64672,2041.3480941289329,Wed Jun 20 16:22:21 2018,1529504541.2146285
2058.6265898244264,2062.90944,2040.43676866544,Wed Jun 20 16:22:21 2018,1529504541.3148365
2058.6021003239907,2062.90944,2039.934982681333,Wed Jun 20 16:22:21 2018,1529504541.4150457
2058.4013083960613,2062.90944,2039.7360115066901,Wed Jun 20 16:22:21 2018,1529504541.5152647
2058.2048486615245,2062.5407999999998,2038.95085041587,Wed Jun 20 16:22:21 2018,1529504541.6154754
2056.345953889769,2060.6976,2037.9764435084069,Wed Jun 20 16:22:21 2018,1529504541.715687
2058.8720009269714,2063.27808,2039.3604285730687,Wed Jun 20 16:22:21 2018,1529504541.815901
2057.469118599447,2061.80352,2039.9058625237933,Wed Jun 20 16:22:21 2018,1529504541.9161117
2057.0572067013986,2061.43488,2037.9522005280858,Wed Jun 20 16:22:22 2018,1529504542.0163245
2057.724382906249,2062.17216,2039.3167630288574,Wed Jun 20 16:22:22 2018,1529504542.1165407
2058.0236820188843,2062.5407999999998,2039.7263065886027,Wed Jun 20 16:22:22 2018,1529504542.2167602
2057.930010915343,2062.17216,2039.520551567972,Wed Jun 20 16:22:22 2018,1529504542.3169663
2057.483803933297,2061.80352,2038.9654035742485,Wed Jun 20 16:22:22 2018,1529504542.4171762
2059.5293094487947,2064.01536,2040.7152181545478,Wed Jun 20 16:22:22 2018,1529504542.517394
2059.0042621969305,2063.27808,2040.4464780725966,Wed Jun 20 16:22:22 2018,1529504542.6176016
2058.4208961281233,2062.90944,2039.755421619921,Wed Jun 20 16:22:22 2018,1529504542.7178197
2059.018958942541,2063.27808,2041.4160908201325,Wed Jun 20 16:22:22 2018,1529504542.8180265
2058.5972024938224,2062.90944,2040.4076409983857,Wed Jun 20 16:22:22 2018,1529504542.918236
2060.8583541175835,2065.12128,2042.371139283674,Wed Jun 20 16:22:23 2018,1529504543.0184429
2059.166369437074,2063.64672,2041.1975461456955,Wed Jun 20 16:22:23 2018,1529504543.1186604
2060.3728229696662,2064.75264,2042.732018733767,Wed Jun 20 16:22:23 2018,1529504543.218873
2062.5014598541934,2066.96448,2044.5641781054142,Wed Jun 20 16:22:23 2018,1529504543.3190894
2060.3924307221105,2064.75264,2042.2739570959359,Wed Jun 20 16:22:23 2018,1529504543.419301
2061.947273470394,2066.2272,2045.6992071291843,Wed Jun 20 16:22:23 2018,1529504543.5195086
2064.2571939086533,2068.80768,2046.8687892241028,Wed Jun 20 16:22:23 2018,1529504543.619729
2064.9295885682795,2069.17632,2046.693205489344,Wed Jun 20 16:22:23 2018,1529504543.7199347
2065.19428425126,2069.5449599999997,2047.5459593871783,Wed Jun 20 16:22:23 2018,1529504543.8201454
2065.5768923807373,2069.9136,2047.5605738937656,Wed Jun 20 16:22:23 2018,1529504543.9203553
2070.7270395745627,2075.0745599999996,2053.29068744011,Wed Jun 20 16:22:24 2018,1529504544.0205653
2062.17787572963,2066.2272,2044.0176953398282,Wed Jun 20 16:22:24 2018,1529504544.1207616
2067.3041255608186,2071.38816,2049.7241993440275,Wed Jun 20 16:22:24 2018,1529504544.2209592
2067.7015591244326,2071.7568,2050.2310388544197,Wed Jun 20 16:22:24 2018,1529504544.3211553
2068.7560879608436,2072.8627199999996,2051.6149463797215,Wed Jun 20 16:22:24 2018,1529504544.4213538
2069.825341477279,2073.9686399999996,2054.4461110423526,Wed Jun 20 16:22:24 2018,1529504544.521554
2070.9586182271714,2075.0745599999996,2050.6549389223233,Wed Jun 20 16:22:24 2018,1529504544.6217527
2069.1338444855555,2073.2313599999998,2050.6695773608576,Wed Jun 20 16:22:24 2018,1529504544.7219508
2070.3936529463626,2074.70592,2052.369849369767,Wed Jun 20 16:22:24 2018,1529504544.822159
2069.114150874672,2073.2313599999998,2050.650059489254,Wed Jun 20 16:22:24 2018,1529504544.922358
2069.0993809125225,2073.2313599999998,2051.1129796482624,Wed Jun 20 16:22:25 2018,1529504545.0225577
2069.1289210476893,2073.2313599999998,2051.619828131929,Wed Jun 20 16:22:25 2018,1529504545.122756
2069.913995085463,2073.9686399999996,2052.146223432478,Wed Jun 20 16:22:25 2018,1529504545.222952
2070.1981708984295,2074.3372799999997,2052.5407707194927,Wed Jun 20 16:22:25 2018,1529504545.3231518
2071.1096899256736,2075.4431999999997,2053.7828559251902,Wed Jun 20 16:22:25 2018,1529504545.423361
2069.486983039232,2073.6,2051.1325017865342,Wed Jun 20 16:22:25 2018,1529504545.5235598
2070.178467532561,2074.3372799999997,2052.043682772735,Wed Jun 20 16:22:25 2018,1529504545.6237607
2073.7911512593414,2078.39232,2056.8660793107792,Wed Jun 20 16:22:25 2018,1529504545.7239826
2069.447589751399,2073.6,2049.1832427869494,Wed Jun 20 16:22:25 2018,1529504545.8241832
2071.425104351948,2075.4431999999997,2052.6628748286957,Wed Jun 20 16:22:25 2018,1529504545.9243772
2070.9093418356215,2075.0745599999996,2052.993903141939,Wed Jun 20 16:22:26 2018,1529504546.0245783
2070.731966240689,2075.0745599999996,2051.385530228595,Wed Jun 20 16:22:26 2018,1529504546.124788
2070.694179101063,2074.70592,2051.2349991096007,Wed Jun 20 16:22:26 2018,1529504546.2249818
2015.1131990798574,2019.0412799999997,1652.9080014033923,Wed Jun 20 16:22:26 2018,1529504546.3251767
1617.00533387853,1620.1727999999998,1139.4975306283202,Wed Jun 20 16:22:26 2018,1529504546.4253726
1309.0350736332787,1311.62112,1115.1225548621399,Wed Jun 20 16:22:26 2018,1529504546.5255702
1183.618927300216,1185.9148799999998,1106.0882312943834,Wed Jun 20 16:22:26 2018,1529504546.6257641
1137.9554476525382,1140.20352,1099.362792844816,Wed Jun 20 16:22:26 2018,1529504546.7259617
1121.4767423922328,1123.6147199999998,1096.5730506645903,Wed Jun 20 16:22:26 2018,1529504546.8261523
1115.1103368064873,1117.34784,1094.5532492350708,Wed Jun 20 16:22:26 2018,1529504546.926353
1112.5667913000143,1114.76736,1093.6293680183505,Wed Jun 20 16:22:27 2018,1529504547.0265508
1110.6823014308754,1112.92416,1092.1524869662094,Wed Jun 20 16:22:27 2018,1529504547.1267526
1108.8850297438591,1111.08096,1091.2389343897437,Wed Jun 20 16:22:27 2018,1529504547.2269506
1109.2212688129857,1111.4496,1091.207776387177,Wed Jun 20 16:22:27 2018,1529504547.3271515
1108.1043829081514,1110.34368,1090.2397004992847,Wed Jun 20 16:22:27 2018,1529504547.4273536
1107.384399138082,1109.6064,1089.777711498443,Wed Jun 20 16:22:27 2018,1529504547.5275543
1106.9769880388972,1109.23776,1088.7837439838586,Wed Jun 20 16:22:27 2018,1529504547.6277585
1106.6564951239516,1108.8691199999998,1089.3079334600193,Wed Jun 20 16:22:27 2018,1529504547.7279584
1105.933843736166,1108.13184,1088.3657675370225,Wed Jun 20 16:22:27 2018,1529504547.8281572
1105.5291071178601,1107.7632,1087.8519657193915,Wed Jun 20 16:22:27 2018,1529504547.9283593
1105.6290740559682,1107.7632,1087.9503342104854,Wed Jun 20 16:22:28 2018,1529504548.0285523
1104.8958436412804,1107.02592,1087.4753318208202,Wed Jun 20 16:22:28 2018,1529504548.128745
1106.0417466534102,1108.13184,1088.4719563854887,Wed Jun 20 16:22:28 2018,1529504548.228934
1105.6944271007505,1108.13184,1088.6076135831477,Wed Jun 20 16:22:28 2018,1529504548.3291545
1105.9759496866993,1108.13184,1088.884785668805,Wed Jun 20 16:22:28 2018,1529504548.4293494
1106.3623009810847,1108.50048,1088.9029233409972,Wed Jun 20 16:22:28 2018,1529504548.5295427
1106.3307096596384,1108.50048,1089.3494059228817,Wed Jun 20 16:22:28 2018,1529504548.6297388
1106.7249628173413,1108.8691199999998,1089.8529145443795,Wed Jun 20 16:22:28 2018,1529504548.7299325
1107.0006932837407,1109.23776,1090.2397004992847,Wed Jun 20 16:22:28 2018,1529504548.8301346
1107.4818998764024,1109.6064,1090.8288536794964,Wed Jun 20 16:22:28 2018,1529504548.9303265
1108.572512522673,1110.71232,1091.7710553139464,Wed Jun 20 16:22:29 2018,1529504549.0305195
1109.9359427458105,1112.18688,1093.5747231099956,Wed Jun 20 16:22:29 2018,1529504549.1307223
1110.6558746724595,1112.92416,1092.6040378223986,Wed Jun 20 16:22:29 2018,1529504549.2309265
1110.177044114986,1112.55552,1092.4948629389419,Wed Jun 20 16:22:29 2018,1529504549.3311408
1110.251002914121,1112.55552,1092.5676437702086,Wed Jun 20 16:22:29 2018,1529504549.4313483
1109.9333018143818,1112.18688,1093.0945786967495,Wed Jun 20 16:22:29 2018,1529504549.5315514
1111.0237633358158,1113.2928,1094.9917214714858,Wed Jun 20 16:22:29 2018,1529504549.6317556
1111.801866096952,1114.03008,1094.5558536337783,Wed Jun 20 16:22:29 2018,1529504549.731956
1112.7387709164616,1115.136,1096.3017340514468,Wed Jun 20 16:22:29 2018,1529504549.8321714
1112.5032590147234,1114.76736,1095.4770776942526,Wed Jun 20 16:22:29 2018,1529504549.932375
1114.7424350127537,1116.9792,1097.89612565071,Wed Jun 20 16:22:30 2018,1529504550.0325756
1114.0251864951115,1116.24192,1096.4817271977938,Wed Jun 20 16:22:30 2018,1529504550.1327746
1114.7689599527914,1116.9792,1097.9222497381995,Wed Jun 20 16:22:30 2018,1529504550.2329729
1115.6497007599644,1118.08512,1099.1352551425957,Wed Jun 20 16:22:30 2018,1529504550.3331912
1115.7664943674977,1118.08512,1099.2503199084695,Wed Jun 20 16:22:30 2018,1529504550.433399
1117.224705765719,1119.55968,1100.1922711667883,Wed Jun 20 16:22:30 2018,1529504550.533608
1116.8036923243476,1119.19104,1099.6624305308353,Wed Jun 20 16:22:30 2018,1529504550.6338217
1121.6711839972972,1123.98336,1105.4764872113922,Wed Jun 20 16:22:30 2018,1529504550.7340279
1115.729330112696,1118.08512,1098.7362019970803,Wed Jun 20 16:22:30 2018,1529504550.834239
1119.4612305189867,1121.77152,1102.6086979536403,Wed Jun 20 16:22:30 2018,1529504550.9344454
1120.1943268391638,1122.5088,1103.0835999178867,Wed Jun 20 16:22:31 2018,1529504551.034652
1120.9300866597478,1123.2460800000001,1104.516176021676,Wed Jun 20 16:22:31 2018,1529504551.1348586
1121.5164166263687,1123.98336,1104.846492621552,Wed Jun 20 16:22:31 2018,1529504551.2350786
1122.0283871738927,1124.3519999999999,1104.9884432581264,Wed Jun 20 16:22:31 2018,1529504551.3352857
1123.4651506295895,1125.82656,1106.864299927688,Wed Jun 20 16:22:31 2018,1529504551.4354959
1124.136695492977,1126.5638399999998,1107.278582159918,Wed Jun 20 16:22:31 2018,1529504551.5357118
1124.5580488475148,1126.93248,1107.3312700700692,Wed Jun 20 16:22:31 2018,1529504551.635923
1125.6857423915376,1128.0384,1109.2650372918615,Wed Jun 20 16:22:31 2018,1529504551.736132
1125.5732672787613,1128.0384,1108.1992702965888,Wed Jun 20 16:22:31 2018,1529504551.836351
1126.3598481494826,1128.77568,1109.681827394179,Wed Jun 20 16:22:31 2018,1529504551.9365654
1126.7759516628792,1129.1443199999999,1109.2518415582483,Wed Jun 20 16:22:32 2018,1529504552.0367756
1128.142740438234,1130.61888,1111.058781702172,Wed Jun 20 16:22:32 2018,1529504552.136995
1128.180315047098,1130.61888,1111.0957873023067,Wed Jun 20 16:22:32 2018,1529504552.2372112
1128.2313131627768,1130.61888,1112.1010161506745,Wed Jun 20 16:22:32 2018,1529504552.3374228
1129.721573731299,1132.09344,1112.5970469152226,Wed Jun 20 16:22:32 2018,1529504552.4376328
1130.4088987956766,1132.83072,1113.9818685474438,Wed Jun 20 16:22:32 2018,1529504552.537847
1131.4693846479822,1133.9366400000001,1114.4169368120074,Wed Jun 20 16:22:32 2018,1529504552.638065
1130.988540718909,1133.568,1114.3055977093563,Wed Jun 20 16:22:32 2018,1529504552.7382932
1132.2939533850283,1134.67392,1114.9819414715926,Wed Jun 20 16:22:32 2018,1529504552.8385034
1132.5594265679174,1135.04256,1115.8360764670813,Wed Jun 20 16:22:32 2018,1529504552.9387226
1135.3670445743865,1137.99168,1118.5678154622417,Wed Jun 20 16:22:33 2018,1529504553.0389538
1131.7456802373858,1134.3052799999998,1114.8042356630756,Wed Jun 20 16:22:33 2018,1529504553.13918
1135.4750821654582,1137.99168,1118.6742544969227,Wed Jun 20 16:22:33 2018,1529504553.2394016
1134.4903574241857,1136.8857600000001,1117.3588494885562,Wed Jun 20 16:22:33 2018,1529504553.3396127
1135.115358413006,1137.62304,1118.6822382411294,Wed Jun 20 16:22:33 2018,1529504553.4398336
1137.0897482785108,1139.46624,1120.7253734498488,Wed Jun 20 16:22:33 2018,1529504553.5400426
1137.0654003885077,1139.46624,1119.7463683977198,Wed Jun 20 16:22:33 2018,1529504553.6402538
1137.4467945220374,1139.83488,1120.7147077725438,Wed Jun 20 16:22:33 2018,1529504553.7404637
1137.833612040352,1140.20352,1121.2108902559823,Wed Jun 20 16:22:33 2018,1529504553.840672
1138.9914318484073,1141.30944,1121.7417853111592,Wed Jun 20 16:22:33 2018,1529504553.9408755
1139.3051071739312,1141.67808,1122.6434425007728,Wed Jun 20 16:22:34 2018,1529504554.0410838
1139.2508963695436,1141.67808,1122.590024497399,Wed Jun 20 16:22:34 2018,1529504554.1412969
1140.8553186752865,1143.15264,1124.631109095483,Wed Jun 20 16:22:34 2018,1529504554.2414982
1141.1444760909055,1143.52128,1124.0759947455633,Wed Jun 20 16:22:34 2018,1529504554.3417065
1141.5313616361002,1143.8899199999998,1125.0497668426583,Wed Jun 20 16:22:34 2018,1529504554.4419131
1142.2562505130372,1144.6272,1125.5165805797121,Wed Jun 20 16:22:34 2018,1529504554.5421207
1142.6485947139986,1144.9958399999998,1126.4957441335148,Wed Jun 20 16:22:34 2018,1529504554.642326
1143.5509047770372,1146.10176,1126.7748861062216,Wed Jun 20 16:22:34 2018,1529504554.7425492
1143.3680408063992,1145.7331199999999,1126.9571869790673,Wed Jun 20 16:22:34 2018,1529504554.842756
1145.2128855095648,1147.57632,1128.3951291747303,Wed Jun 20 16:22:34 2018,1529504554.9429624
1144.8041476560738,1147.20768,1127.8773497054744,Wed Jun 20 16:22:35 2018,1529504555.0431724
1145.1801891187606,1147.57632,1128.362912939136,Wed Jun 20 16:22:35 2018,1529504555.1433816
1145.5780406493125,1147.94496,1129.347495154027,Wed Jun 20 16:22:35 2018,1529504555.2435882
1146.5998382658074,1149.05088,1129.2668902324906,Wed Jun 20 16:22:35 2018,1529504555.343802
1146.300163682533,1148.6822399999999,1129.8115798885487,Wed Jun 20 16:22:35 2018,1529504555.4440098
1146.6680392164492,1149.05088,1129.33406020136,Wed Jun 20 16:22:35 2018,1529504555.5442176
1147.749819625324,1150.1568,1131.222607335089,Wed Jun 20 16:22:35 2018,1529504555.6444273
1147.7962437792683,1150.1568,1131.2683629967933,Wed Jun 20 16:22:35 2018,1529504555.744633
1148.216034085801,1150.52544,1130.8419545568995,Wed Jun 20 16:22:35 2018,1529504555.844834
1148.1568441375007,1151.2627199999997,1131.4911584371996,Wed Jun 20 16:22:35 2018,1529504555.9451046
1148.9600356786168,1151.2627199999997,1132.7602464307688,Wed Jun 20 16:22:36 2018,1529504556.045305
1149.76149930874,1152.0,1133.302519725948,Wed Jun 20 16:22:36 2018,1529504556.1454997
1150.1212126654516,1152.3686400000001,1133.2944295235466,Wed Jun 20 16:22:36 2018,1529504556.245695
1150.8597932843813,1153.10592,1133.7747061547684,Wed Jun 20 16:22:36 2018,1529504556.3458903
1150.453545625744,1152.73728,1133.736937315051,Wed Jun 20 16:22:36 2018,1529504556.4460888
1151.5737154010046,1153.8432,1134.708265289965,Wed Jun 20 16:22:36 2018,1529504556.5462859
1151.6257808986336,1153.8432,1134.2819758479718,Wed Jun 20 16:22:36 2018,1529504556.6464784
1151.5463143984182,1153.8432,1135.63638450103,Wed Jun 20 16:22:36 2018,1529504556.7466779
1152.7515203132762,1154.94912,1135.7363739026114,Wed Jun 20 16:22:36 2018,1529504556.8468685
1152.9328957166201,1155.31776,1136.5076716144833,Wed Jun 20 16:22:36 2018,1529504556.9470754
1153.567102071481,1156.05504,1135.9301482975702,Wed Jun 20 16:22:37 2018,1529504557.047291
1153.1800510692724,1155.6864,1136.3887057782094,Wed Jun 20 16:22:37 2018,1529504557.1475084
1154.7942713773443,1157.16096,1137.4843710850926,Wed Jun 20 16:22:37 2018,1529504557.2477133
1154.4483596597713,1156.79232,1137.983565327372,Wed Jun 20 16:22:37 2018,1529504557.3479164
1154.374199682919,1156.79232,1137.4329512890602,Wed Jun 20 16:22:37 2018,1529504557.4481258
1155.123679859911,1157.5295999999998,1137.9239997785376,Wed Jun 20 16:22:37 2018,1529504557.5483341
1155.4310748383302,1157.89824,1138.3419328865766,Wed Jun 20 16:22:37 2018,1529504557.6485476
1155.6971969111269,1158.26688,1138.719187373884,Wed Jun 20 16:22:37 2018,1529504557.74877
1155.5025504698929,1157.89824,1138.4123513739787,Wed Jun 20 16:22:37 2018,1529504557.8489773
1156.3695708954724,1159.0041600000002,1139.611734741827,Wed Jun 20 16:22:37 2018,1529504557.9492052
1156.1970417610794,1158.63552,1139.326734096125,Wed Jun 20 16:22:38 2018,1529504558.049416
1156.6199417800929,1159.0041600000002,1139.8584773104074,Wed Jun 20 16:22:38 2018,1529504558.1496222
1157.2786073466739,1159.7414399999998,1140.2600409702595,Wed Jun 20 16:22:38 2018,1529504558.249835
1157.273100757214,1159.7414399999998,1140.2546153589303,Wed Jun 20 16:22:38 2018,1529504558.3500483
1157.3226619489467,1159.7414399999998,1140.7809617263267,Wed Jun 20 16:22:38 2018,1529504558.4502573
1156.9190075492959,1159.3727999999999,1139.7906802464256,Wed Jun 20 16:22:38 2018,1529504558.5504694
1158.4262754218796,1160.8473599999998,1142.2135037460753,Wed Jun 20 16:22:38 2018,1529504558.6506784
1158.7886325688958,1161.216,1142.2080686328432,Wed Jun 20 16:22:38 2018,1529504558.7508879
1158.727981915205,1161.216,1142.148285800956,Wed Jun 20 16:22:38 2018,1529504558.8511026
1158.7086853113447,1161.216,1142.1292653031646,Wed Jun 20 16:22:38 2018,1529504558.951319
1159.9060390440443,1162.3219199999999,1143.1766913427691,Wed Jun 20 16:22:39 2018,1529504559.0515273
1159.9087987341704,1162.3219199999999,1142.7018926787732,Wed Jun 20 16:22:39 2018,1529504559.1517353
1159.7542763075562,1162.3219199999999,1143.0271174832258,Wed Jun 20 16:22:39 2018,1529504559.2519567
1160.2821945630012,1162.6905599999998,1144.1398926894317,Wed Jun 20 16:22:39 2018,1529504559.3521643
1160.622456894252,1163.0592,1143.6351619579218,Wed Jun 20 16:22:39 2018,1529504559.4523742
1160.6694016085883,1163.0592,1142.7263620193637,Wed Jun 20 16:22:39 2018,1529504559.55258
1017.5388848702272,1019.65824,357.1830263677491,Wed Jun 20 16:22:39 2018,1529504559.6527884
634.1857339687431,635.53536,155.66364043396342,Wed Jun 20 16:22:39 2018,1529504559.7530012
374.1623562303595,374.90688000000006,154.25243810317394,Wed Jun 20 16:22:39 2018,1529504559.8532002
245.37940310773251,245.88288,154.2428957542046,Wed Jun 20 16:22:39 2018,1529504559.9534054
192.02737366808307,192.43007999999998,154.23592324577194,Wed Jun 20 16:22:40 2018,1529504560.053615
174.01340794106815,174.36672000000002,153.7686563304296,Wed Jun 20 16:22:40 2018,1529504560.1538181
168.84241684355976,169.20576,153.74999921458846,Wed Jun 20 16:22:40 2018,1529504560.2540333
166.99165358863073,167.36255999999997,153.26194075654033,Wed Jun 20 16:22:40 2018,1529504560.3542554
165.91620809833188,166.25664,153.28783138420954,Wed Jun 20 16:22:40 2018,1529504560.4544606
166.29556762332066,166.62527999999998,153.29840894561204,Wed Jun 20 16:22:40 2018,1529504560.554659
165.546353510859,165.88799999999998,153.28600781425664,Wed Jun 20 16:22:40 2018,1529504560.6548653
165.8881845120539,166.25664,152.78448922770377,Wed Jun 20 16:22:40 2018,1529504560.7550874
165.55817076613383,165.88799999999998,152.81938929329525,Wed Jun 20 16:22:40 2018,1529504560.8552866
165.5613223191468,165.88799999999998,152.8222983518125,Wed Jun 20 16:22:40 2018,1529504560.955484
165.1769007198287,165.51936,152.80702703006426,Wed Jun 20 16:22:41 2018,1529504561.0556912
165.5609283684585,165.88799999999998,152.3443661674615,Wed Jun 20 16:22:41 2018,1529504561.1558888
165.1902637199869,165.51936,152.81938929329525,Wed Jun 20 16:22:41 2018,1529504561.256088
165.18200984694747,165.51936,152.3342168117767,Wed Jun 20 16:22:41 2018,1529504561.3562922
165.1788657313173,165.51936,152.33131724424797,Wed Jun 20 16:22:41 2018,1529504561.4564984
164.82039576817814,165.15071999999998,152.34001627799967,Wed Jun 20 16:22:41 2018,1529504561.5566988
165.54989851030368,165.88799999999998,152.81175354159424,Wed Jun 20 16:22:41 2018,1529504561.656903
164.79686853905136,165.15071999999998,152.31827055623117,Wed Jun 20 16:22:41 2018,1529504561.7571177
165.1953736738203,165.51936,152.3465412053482,Wed Jun 20 16:22:41 2018,1529504561.8573139
164.799220959705,165.15071999999998,152.32044484903633,Wed Jun 20 16:22:41 2018,1529504561.9575272
164.80627862464343,165.15071999999998,152.32696809991555,Wed Jun 20 16:22:42 2018,1529504562.0577362
165.18240286981722,165.51936,152.33457926547922,Wed Jun 20 16:22:42 2018,1529504562.1579401
164.7878515486661,165.15071999999998,151.83247572666468,Wed Jun 20 16:22:42 2018,1529504562.2581604
164.81529763181086,165.15071999999998,152.33530417805864,Wed Jun 20 16:22:42 2018,1529504562.3583639
164.8125526120902,165.15071999999998,151.8552348292169,Wed Jun 20 16:22:42 2018,1529504562.458569
164.8043181015246,165.15071999999998,152.3251560297379,Wed Jun 20 16:22:42 2018,1529504562.5587792
164.7858914639344,165.15071999999998,152.30812467717166,Wed Jun 20 16:22:42 2018,1529504562.6590006
164.77648370625835,165.15071999999998,151.82200160712114,Wed Jun 20 16:22:42 2018,1529504562.7592278
164.42940957636145,164.78208,152.31863293405468,Wed Jun 20 16:22:42 2018,1529504562.8594422
164.79137981869178,165.15071999999998,151.83572660934806,Wed Jun 20 16:22:42 2018,1529504562.9596603
164.78510744309773,165.15071999999998,152.30740002324478,Wed Jun 20 16:22:43 2018,1529504563.0598822
164.7823634289194,165.15071999999998,151.82741907473073,Wed Jun 20 16:22:43 2018,1529504563.1601057
164.41650127920872,164.78208,151.82922498318453,Wed Jun 20 16:22:43 2018,1529504563.260328
164.80627862464343,165.15071999999998,151.84945409333275,Wed Jun 20 16:22:43 2018,1529504563.360537
164.43058315842669,164.78208,152.31972007787078,Wed Jun 20 16:22:43 2018,1529504563.4607508
164.43645132004798,164.78208,151.84764770362588,Wed Jun 20 16:22:43 2018,1529504563.560961
164.42745364347962,164.78208,151.8393388644924,Wed Jun 20 16:22:43 2018,1529504563.6611767
164.8054944097985,165.15071999999998,151.84873153229267,Wed Jun 20 16:22:43 2018,1529504563.7613862
164.43918993881113,164.78208,151.85017666124935,Wed Jun 20 16:22:43 2018,1529504563.8615947
164.44740634245417,164.78208,151.85776403956945,Wed Jun 20 16:22:43 2018,1529504563.9617982
164.4078968736563,164.78208,151.82127930731687,Wed Jun 20 16:22:44 2018,1529504564.0620258
164.44271115411996,164.78208,151.85342830197385,Wed Jun 20 16:22:44 2018,1529504564.1622322
164.8254942199506,165.15071999999998,151.86715898711364,Wed Jun 20 16:22:44 2018,1529504564.2624295
164.44075490477542,164.78208,152.3291426410387,Wed Jun 20 16:22:44 2018,1529504564.362637
164.43410400513898,164.78208,151.84548009270696,Wed Jun 20 16:22:44 2018,1529504564.4628487
164.42549775712996,164.78208,151.83753271543608,Wed Jun 20 16:22:44 2018,1529504564.5630655
164.79412413316902,165.15071999999998,151.83825516990234,Wed Jun 20 16:22:44 2018,1529504564.663282
164.4235419173108,164.78208,151.83572660934806,Wed Jun 20 16:22:44 2018,1529504564.7635
164.4309743561712,164.78208,151.8425900410786,Wed Jun 20 16:22:44 2018,1529504564.8637135
164.408287963462,164.78208,151.82164045635992,Wed Jun 20 16:22:44 2018,1529504564.9639409
164.41650127920872,164.78208,151.82922498318453,Wed Jun 20 16:22:45 2018,1529504565.0641632
164.41845695153182,164.78208,151.83103093459957,Wed Jun 20 16:22:45 2018,1529504565.1643844
164.76041460498925,165.15071999999998,151.80719583469642,Wed Jun 20 16:22:45 2018,1529504565.2646213
164.41493677484675,164.78208,151.3503344031325,Wed Jun 20 16:22:45 2018,1529504565.3648446
164.42119497094572,164.78208,151.83355933875833,Wed Jun 20 16:22:45 2018,1529504565.465064
164.41532789814593,164.78208,151.828141432957,Wed Jun 20 16:22:45 2018,1529504565.565287
164.426671283356,164.78208,151.83861639971357,Wed Jun 20 16:22:45 2018,1529504565.6655033
164.41454565340845,164.78208,151.82741907473073,Wed Jun 20 16:22:45 2018,1529504565.7657268
164.4161101503269,164.78208,151.82886379805694,Wed Jun 20 16:22:45 2018,1529504565.8659494
164.4161101503269,164.78208,151.35141454083035,Wed Jun 20 16:22:45 2018,1529504565.966172
164.788243571208,165.15071999999998,151.83283692897731,Wed Jun 20 16:22:46 2018,1529504566.066392
164.4090701486553,164.78208,151.82236275960057,Wed Jun 20 16:22:46 2018,1529504566.1666188
164.43997241806986,164.78208,151.85089923604258,Wed Jun 20 16:22:46 2018,1529504566.2668269
164.41650127920872,164.78208,151.82922498318453,Wed Jun 20 16:22:46 2018,1529504566.3670492
164.40946124404292,164.78208,151.34529396438376,Wed Jun 20 16:22:46 2018,1529504566.4672759
164.4352776542165,164.78208,151.84656389043076,Wed Jun 20 16:22:46 2018,1529504566.5674868
164.4172835425551,164.78208,151.82994735859512,Wed Jun 20 16:22:46 2018,1529504566.6677086
164.41024344040022,164.78208,151.8234462273482,Wed Jun 20 16:22:46 2018,1529504566.7679348
164.4411461509208,164.78208,151.85198311112634,Wed Jun 20 16:22:46 2018,1529504566.8681421
164.42002152288788,164.78208,151.355015111172,Wed Jun 20 16:22:46 2018,1529504566.9683623
164.40007546825564,164.78208,152.29145938124236,Wed Jun 20 16:22:47 2018,1529504567.0685947
164.78001148950221,165.15071999999998,151.82525204129277,Wed Jun 20 16:22:47 2018,1529504567.1688197
164.41884809157932,164.78208,151.83139213003804,Wed Jun 20 16:22:47 2018,1529504567.2690406
164.39147278179567,164.78208,151.80611259887306,Wed Jun 20 16:22:47 2018,1529504567.3692782
164.4321479605732,164.78208,151.84367379754713,Wed Jun 20 16:22:47 2018,1529504567.469491
164.43371279250286,164.78208,151.84511883023706,Wed Jun 20 16:22:47 2018,1529504567.5697029
164.39538298221055,164.78208,151.80972344507097,Wed Jun 20 16:22:47 2018,1529504567.669938
164.77609173966658,165.15071999999998,151.82164045635992,Wed Jun 20 16:22:47 2018,1529504567.7701654
164.4172835425551,164.78208,151.82994735859512,Wed Jun 20 16:22:47 2018,1529504567.8703873
164.39342785875147,164.78208,151.80791800050045,Wed Jun 20 16:22:47 2018,1529504567.9706237
164.80353390533745,165.15071999999998,151.84692515977676,Wed Jun 20 16:22:48 2018,1529504568.0708344
164.4321479605732,164.78208,151.84367379754713,Wed Jun 20 16:22:48 2018,1529504568.1710472
164.74121417995448,165.15071999999998,152.26683040568884,Wed Jun 20 16:22:48 2018,1529504568.2712958
164.40867905512832,164.78208,151.82200160712114,Wed Jun 20 16:22:48 2018,1529504568.371523
164.4129811862636,164.78208,151.8259743788987,Wed Jun 20 16:22:48 2018,1529504568.4717474
164.43410400513898,164.78208,151.84548009270696,Wed Jun 20 16:22:48 2018,1529504568.571959
164.78157944165378,165.15071999999998,151.82669672337798,Wed Jun 20 16:22:48 2018,1529504568.672183
164.42041267037945,164.78208,151.83283692897731,Wed Jun 20 16:22:48 2018,1529504568.772403
161.8417462256193,162.20159999999998,136.55081240626032,Wed Jun 20 16:22:48 2018,1529504568.8726254
148.59201865196275,148.93056,122.22061336150301,Wed Jun 20 16:22:48 2018,1529504568.9728532
140.1669147501469,140.45183999999998,121.77302505460369,Wed Jun 20 16:22:49 2018,1529504569.0730565
137.58414030098072,137.87135999999998,121.2888462440679,Wed Jun 20 16:22:49 2018,1529504569.1732652
136.85393152814373,137.13407999999998,121.77128663615751,Wed Jun 20 16:22:49 2018,1529504569.27347
136.48377145006376,136.76543999999998,121.76925854403564,Wed Jun 20 16:22:49 2018,1529504569.3736763
136.48117363949902,136.76543999999998,121.76694080718718,Wed Jun 20 16:22:49 2018,1529504569.4738846
136.46980938094254,136.76543999999998,121.75680174579091,Wed Jun 20 16:22:49 2018,1529504569.5741012
136.4876683513434,136.76543999999998,121.77273531474908,Wed Jun 20 16:22:49 2018,1529504569.6743047
136.4902664091597,136.76543999999998,121.29750404367417,Wed Jun 20 16:22:49 2018,1529504569.7745063
136.11977706198667,136.39679999999998,121.77273531474908,Wed Jun 20 16:22:49 2018,1529504569.8747098
136.48896736788808,136.76543999999998,121.77389428244028,Wed Jun 20 16:22:49 2018,1529504569.9749124
136.39647427954299,136.76543999999998,121.69137300779666,Wed Jun 20 16:22:50 2018,1529504570.075183
136.49091593906832,136.76543999999998,121.7756327753418,Wed Jun 20 16:22:50 2018,1529504570.175384
136.46461492161626,136.76543999999998,121.75216730864152,Wed Jun 20 16:22:50 2018,1529504570.2756045
136.46948471564923,136.76543999999998,121.7565120831327,Wed Jun 20 16:22:50 2018,1529504570.3758214
136.47045871616345,136.76543999999998,121.75738107524201,Wed Jun 20 16:22:50 2018,1529504570.4760375
136.46526420740662,136.76543999999998,121.75274659399125,Wed Jun 20 16:22:50 2018,1529504570.5762575
136.48149836041142,136.76543999999998,121.28971196841137,Wed Jun 20 16:22:50 2018,1529504570.6764655
136.81975011068664,137.13407999999998,122.21828753166983,Wed Jun 20 16:22:50 2018,1529504570.7766953
136.44221834475672,136.76543999999998,121.73218533914334,Wed Jun 20 16:22:50 2018,1529504570.8769321
136.47208208125005,136.76543999999998,121.2813438174091,Wed Jun 20 16:22:50 2018,1529504570.977147
136.1003472934549,136.39679999999998,121.7553534462821,Wed Jun 20 16:22:51 2018,1529504571.077365
136.4853951318872,136.76543999999998,121.77070717437205,Wed Jun 20 16:22:51 2018,1529504571.17757
136.464290281038,136.76543999999998,121.75187766803377,Wed Jun 20 16:22:51 2018,1529504571.2777908
136.46948471564923,136.76543999999998,121.27903556515963,Wed Jun 20 16:22:51 2018,1529504571.3780077
136.12010093846288,136.39679999999998,121.77302505460369,Wed Jun 20 16:22:51 2018,1529504571.478211
133.1646066622066,133.44768,107.43681725458103,Wed Jun 20 16:22:51 2018,1529504571.5784235
114.04657105655,114.27839999999999,54.91724659325265,Wed Jun 20 16:22:51 2018,1529504571.6786268
83.51072658186429,83.68127999999999,47.75367298174819,Wed Jun 20 16:22:51 2018,1529504571.778831
68.05001175548657,68.19839999999999,47.74708383941762,Wed Jun 20 16:22:51 2018,1529504571.879049
62.89728848542576,63.03744,51.56439711440867,Wed Jun 20 16:22:51 2018,1529504571.979272
85.70704660941475,85.89312000000001,95.01760102724978,Wed Jun 20 16:22:52 2018,1529504572.079489
119.91544112882782,120.17663999999999,137.5119285981539,Wed Jun 20 16:22:52 2018,1529504572.1797068
144.1876550309426,144.50688,147.05612037795885,Wed Jun 20 16:22:52 2018,1529504572.2799282
151.9257276151513,152.24832,146.11441909119176,Wed Jun 20 16:22:52 2018,1529504572.3801405
153.4113976985738,153.72287999999998,145.17289293307635,Wed Jun 20 16:22:52 2018,1529504572.4803436
153.02566364340484,153.35423999999998,143.72350920823064,Wed Jun 20 16:22:52 2018,1529504572.5805583
152.26931448943358,152.61696,142.7491778782344,Wed Jun 20 16:22:52 2018,1529504572.6807866
150.80708171023613,151.14239999999998,141.32531633654912,Wed Jun 20 16:22:52 2018,1529504572.781009
149.7235611612274,150.03647999999998,140.38911793534538,Wed Jun 20 16:22:52 2018,1529504572.881218
148.96903410334,149.2992,139.4165097367057,Wed Jun 20 16:22:52 2018,1529504572.9814396
147.86731859431197,148.19328000000002,138.94070857574386,Wed Jun 20 16:22:53 2018,1529504573.08166
146.7561504072392,147.08736,137.50113377911353,Wed Jun 20 16:22:53 2018,1529504573.1818857
146.02990982379447,146.35008,137.03250061876437,Wed Jun 20 16:22:53 2018,1529504573.282105
144.92020355132647,145.24416000000002,136.54918822444336,Wed Jun 20 16:22:53 2018,1529504573.3823285
144.5475717414352,144.87552000000002,135.58978309347975,Wed Jun 20 16:22:53 2018,1529504573.4825554
143.81367120107902,144.13824,135.59139580995918,Wed Jun 20 16:22:53 2018,1529504573.582781
143.06613991318991,143.40096,134.6253181100292,Wed Jun 20 16:22:53 2018,1529504573.683015
142.72925499922204,143.03232,134.6544646526669,Wed Jun 20 16:22:53 2018,1529504573.7832274
142.33972279665545,142.66368,134.1565392621259,Wed Jun 20 16:22:53 2018,1529504573.883455
141.97529716376093,142.29504,134.15973061601855,Wed Jun 20 16:22:53 2018,1529504573.9836802
141.97124446097524,142.29504,133.67847787430154,Wed Jun 20 16:22:54 2018,1529504574.0839083
141.6084961000257,141.9264,134.16068805179412,Wed Jun 20 16:22:54 2018,1529504574.1841328
141.2514343148499,141.55776,133.2159485144864,Wed Jun 20 16:22:54 2018,1529504574.2843497
141.6148968190069,141.9264,133.68929037771588,Wed Jun 20 16:22:54 2018,1529504574.3845696
141.24269779169583,141.55776,133.68515597870427,Wed Jun 20 16:22:54 2018,1529504574.4847927
140.8755485180653,141.18912,133.20834276621977,Wed Jun 20 16:22:54 2018,1529504574.5850153
141.24471381650017,141.55776,133.68706413108765,Wed Jun 20 16:22:54 2018,1529504574.685237
140.87722417564035,141.18912,133.2099272254887,Wed Jun 20 16:22:54 2018,1529504574.7854583
141.26218844253262,141.55776,133.2260908633174,Wed Jun 20 16:22:54 2018,1529504574.8856676
140.86415510361135,141.18912,133.67498008588052,Wed Jun 20 16:22:54 2018,1529504574.9858983
140.87286754885673,141.18912,133.2058077097885,Wed Jun 20 16:22:55 2018,1529504575.0861228
140.88091076262526,141.18912,132.7359457378515,Wed Jun 20 16:22:55 2018,1529504575.1863415
140.851088456173,141.18912,134.13994666908195,Wed Jun 20 16:22:55 2018,1529504575.2865815
141.97664811610696,142.29504,135.5933311203751,Wed Jun 20 16:22:55 2018,1529504575.3868058
143.0783917568653,143.40096,135.5917183578587,Wed Jun 20 16:22:55 2018,1529504575.4870312
142.70345219049614,143.03232,134.1527098378647,Wed Jun 20 16:22:55 2018,1529504575.5872617
141.9563865300513,142.29504,134.6192341603583,Wed Jun 20 16:22:55 2018,1529504575.6875002
142.35902525616186,142.66368,134.6522221628671,Wed Jun 20 16:22:55 2018,1529504575.7877142
142.61733556186707,143.40096,134.67889010122093,Wed Jun 20 16:22:55 2018,1529504575.8882637
141.99826685069723,142.29504,134.18143584976886,Wed Jun 20 16:22:55 2018,1529504575.9884727
142.37630031591544,142.66368,135.14611010556942,Wed Jun 20 16:22:56 2018,1529504576.0886745
142.36478314360556,142.66368,134.1801588769002,Wed Jun 20 16:22:56 2018,1529504576.1888845
141.63578740101502,141.9264,133.70901179931047,Wed Jun 20 16:22:56 2018,1529504576.2890897
143.1069875543289,143.40096,138.0064731049537,Wed Jun 20 16:22:56 2018,1529504576.389295
144.20858172332964,144.50688,135.13935759113392,Wed Jun 20 16:22:56 2018,1529504576.489502
143.10017799440416,143.40096,134.65734796359277,Wed Jun 20 16:22:56 2018,1529504576.5897121
143.10732804933724,143.40096,135.61914053930064,Wed Jun 20 16:22:56 2018,1529504576.6899173
145.6846039515472,145.98144,142.78416167570865,Wed Jun 20 16:22:56 2018,1529504576.790121
149.72534230384818,150.03647999999998,143.2559061566207,Wed Jun 20 16:22:56 2018,1529504576.890329
150.83614641826202,151.14239999999998,143.26272328922008,Wed Jun 20 16:22:56 2018,1529504576.990532
149.7235611612274,150.03647999999998,137.0465198892657,Wed Jun 20 16:22:57 2018,1529504577.090741
144.9502026655119,145.24416000000002,135.62236740752783,Wed Jun 20 16:22:57 2018,1529504577.1909437
146.42735278238254,146.71872,141.35827145058664,Wed Jun 20 16:22:57 2018,1529504577.2911427
148.9906546903038,149.2992,142.77940558953318,Wed Jun 20 16:22:57 2018,1529504577.3913498
151.20260039976588,151.51104,146.12658700701144,Wed Jun 20 16:22:57 2018,1529504577.4915538
154.14058218620983,154.46015999999997,148.5093293948437,Wed Jun 20 16:22:57 2018,1529504577.591761
156.721689265963,157.04063999999997,149.94760348561258,Wed Jun 20 16:22:57 2018,1529504577.6919646
159.65950119368637,159.98976,154.24032686196557,Wed Jun 20 16:22:57 2018,1529504577.7921715
162.56810894236025,162.93887999999998,155.63994209650824,Wed Jun 20 16:22:57 2018,1529504577.8923995
164.8172584161664,165.15071999999998,160.9329412445961,Wed Jun 20 16:22:57 2018,1529504577.9926019
170.33164058475953,170.68031999999997,165.22692225925684,Wed Jun 20 16:22:58 2018,1529504578.0928066
172.55045751488717,172.89216,165.23793054654323,Wed Jun 20 16:22:58 2018,1529504578.1930046
173.27226227049096,173.62944,163.31445297032226,Wed Jun 20 16:22:58 2018,1529504578.2932107
172.5348569129691,172.89216,164.26794489230574,Wed Jun 20 16:22:58 2018,1529504578.3934178
173.27514816263133,173.62944,164.74977979351306,Wed Jun 20 16:22:58 2018,1529504578.4936223
173.28628036143252,173.62944,164.28279800003145,Wed Jun 20 16:22:58 2018,1529504578.5938203
172.90355783724368,173.2608,163.79120119992862,Wed Jun 20 16:22:58 2018,1529504578.694027
172.53978311407204,172.89216,163.79509832739626,Wed Jun 20 16:22:58 2018,1529504578.7942312
170.33083004329856,170.68031999999997,148.51250953423414,Wed Jun 20 16:22:58 2018,1529504578.8944364
153.03585799981443,153.35423999999998,127.01993458109223,Wed Jun 20 16:22:58 2018,1529504578.9946444
140.54082603736214,140.82047999999998,127.98654307012578,Wed Jun 20 16:22:59 2018,1529504579.0948434
136.49351412052366,136.76543999999998,127.50867794159319,Wed Jun 20 16:22:59 2018,1529504579.1950426
135.75931518761914,136.02815999999999,127.98776123258263,Wed Jun 20 16:22:59 2018,1529504579.2952406
135.3904372903889,135.65952,127.98684760856607,Wed Jun 20 16:22:59 2018,1529504579.3954394
135.03827306200873,135.29088,128.0017717677056,Wed Jun 20 16:22:59 2018,1529504579.4956264
135.4081581722619,135.65952,128.00359945495313,Wed Jun 20 16:22:59 2018,1529504579.595812
135.04534324644152,135.29088,127.53082998479653,Wed Jun 20 16:22:59 2018,1529504579.695994
135.4123474221744,135.65952,128.0075596230483,Wed Jun 20 16:22:59 2018,1529504579.7961764
135.41685921197956,135.65952,128.01182469350522,Wed Jun 20 16:22:59 2018,1529504579.8963556
137.99830660811824,138.23999999999998,137.5705118576331,Wed Jun 20 16:22:59 2018,1529504579.9965308
142.77205390480137,143.03232,134.69484224532326,Wed Jun 20 16:23:00 2018,1529504580.096713
142.04186212799337,142.29504,132.3119888224743,Wed Jun 20 16:23:00 2018,1529504580.1968913
139.08938269023616,139.34592,128.96038467624297,Wed Jun 20 16:23:00 2018,1529504580.2970757
137.2538223110157,137.50272,129.91966615569015,Wed Jun 20 16:23:00 2018,1529504580.397257
139.45203414074533,139.71455999999998,136.5972803663148,Wed Jun 20 16:23:00 2018,1529504580.4974453
144.60742609328716,144.87552000000002,140.89981978357386,Wed Jun 20 16:23:00 2018,1529504580.5976307
147.18453194733985,147.456,137.5577436546592,Wed Jun 20 16:23:00 2018,1529504580.6978152
146.07647637032383,146.35008,140.41951994224686,Wed Jun 20 16:23:00 2018,1529504580.7980025
144.61155580683302,144.87552000000002,128.4851997708955,Wed Jun 20 16:23:00 2018,1529504580.898185
138.7167997118448,138.97727999999998,127.52324280207323,Wed Jun 20 16:23:01 2018,1529504580.9983728
135.7276650673924,136.02815999999999,127.48046798998381,Wed Jun 20 16:23:01 2018,1529504581.0985942
136.11362370175803,136.39679999999998,129.4075273363759,Wed Jun 20 16:23:01 2018,1529504581.1988022
136.48312198815125,136.76543999999998,129.40906680988442,Wed Jun 20 16:23:01 2018,1529504581.299009
142.34954269208004,142.66368,142.28258645127084,Wed Jun 20 16:23:01 2018,1529504581.3992298
143.84104492417504,144.13824,96.46012432182386,Wed Jun 20 16:23:01 2018,1529504581.4994364
111.83150156889168,112.06656,60.16604909011591,Wed Jun 20 16:23:01 2018,1529504581.5996466
86.08123647189932,86.26176000000001,56.82376119581072,Wed Jun 20 16:23:01 2018,1529504581.6998563
73.58175939695049,73.728,53.96460365585061,Wed Jun 20 16:23:01 2018,1529504581.800055
68.79403426332996,68.93567999999999,53.483222961207154,Wed Jun 20 16:23:01 2018,1529504581.900261
65.4759252813627,65.61792,48.22512831528002,Wed Jun 20 16:23:02 2018,1529504582.0004778
64.01217050642177,64.14336,48.23086544063575,Wed Jun 20 16:23:02 2018,1529504582.1006827
62.90641696052381,63.03744,52.52691564231604,Wed Jun 20 16:23:02 2018,1529504582.200891
65.84298434720051,65.98656,52.99926306175357,Wed Jun 20 16:23:02 2018,1529504582.301109
65.84909388736777,65.98656,53.481695981636236,Wed Jun 20 16:23:02 2018,1529504582.4013178
66.21444530164969,66.3552,54.9121510412303,Wed Jun 20 16:23:02 2018,1529504582.5015304
67.68507226208166,67.82976,56.82146297575745,Wed Jun 20 16:23:02 2018,1529504582.6017442
69.15714500355203,69.30431999999999,57.299499546244206,Wed Jun 20 16:23:02 2018,1529504582.701957
68.79354322460546,68.93567999999999,53.96036657606978,Wed Jun 20 16:23:02 2018,1529504582.8021636
64.37316417809605,64.512,42.97339779183747,Wed Jun 20 16:23:02 2018,1529504582.9023793
57.021114758017504,57.139199999999995,41.5445093186936,Wed Jun 20 16:23:03 2018,1529504583.0025864
59.22626999723064,59.35104,52.048159881810264,Wed Jun 20 16:23:03 2018,1529504583.102797
62.89489456986876,63.03744,51.56243453676165,Wed Jun 20 16:23:03 2018,1529504583.2030237
62.531104382306346,62.668800000000005,44.40383724081702,Wed Jun 20 16:23:03 2018,1529504583.3032439
56.66334785501066,56.77056,38.20866577155042,Wed Jun 20 16:23:03 2018,1529504583.403433
52.614588598779264,52.715520000000005,37.730069807653344,Wed Jun 20 16:23:03 2018,1529504583.503625
51.14309525711688,51.240959999999994,38.685445561745034,Wed Jun 20 16:23:03 2018,1529504583.6038163
51.51385062668665,51.60959999999999,38.20993875724996,Wed Jun 20 16:23:03 2018,1529504583.7040021
50.769964324700915,50.87232,37.24883982443537,Wed Jun 20 16:23:03 2018,1529504583.8042037
50.398948146504175,50.503679999999996,37.724055287910126,Wed Jun 20 16:23:03 2018,1529504583.9044116
50.395590854500036,50.503679999999996,37.244054447825285,Wed Jun 20 16:23:04 2018,1529504584.004626
50.401466409073926,50.503679999999996,37.248396682349195,Wed Jun 20 16:23:04 2018,1529504584.1048288
50.39942779616367,50.503679999999996,37.72441430989251,Wed Jun 20 16:23:04 2018,1529504584.2050357
50.400507041278736,50.503679999999996,38.680291049132386,Wed Jun 20 16:23:04 2018,1529504584.3052404
53.34423695672451,53.4528,39.6358314946046,Wed Jun 20 16:23:04 2018,1529504584.405444
51.871314182885826,51.97823999999999,37.24715594059982,Wed Jun 20 16:23:04 2018,1529504584.50565
50.76851474828689,50.87232,37.72531189474647,Wed Jun 20 16:23:04 2018,1529504584.6058545
50.769118728399675,50.87232,34.86051305484733,Wed Jun 20 16:23:04 2018,1529504584.7060578
36.78869127100638,36.864,1.9101378295867846,Wed Jun 20 16:23:04 2018,1529504584.8062625
14.347692008736908,14.37696,0.0,Wed Jun 20 16:23:04 2018,1529504584.9064665
4.782165760283212,4.792319999999999,0.0,Wed Jun 20 16:23:05 2018,1529504585.0066788
1.1036843722470735,1.10592,0.0,Wed Jun 20 16:23:05 2018,1529504585.1068814
0.3678860373932285,0.36863999999999997,0.0,Wed Jun 20 16:23:05 2018,1529504585.2070863
0.3678991675831301,0.36863999999999997,0.0,Wed Jun 20 16:23:05 2018,1529504585.3072877
0.0,0.0,0.0,Wed Jun 20 16:23:05 2018,1529504585.4074874
0.0,0.0,0.0,Wed Jun 20 16:23:05 2018,1529504585.5076869
0.0,0.0,0.0,Wed Jun 20 16:23:05 2018,1529504585.6078868
0.0,0.0,0.0,Wed Jun 20 16:23:05 2018,1529504585.7080908
