t,",", ,d,",", ,a,",",b
1521213089.307249,0.0004150867462158203,1915852679.376373,1211478.7489228535
1521213090.308437,1.001188039779663,794535.8219683343,39.80323617206825
1521213091.309544,1.0011069774627686,794600.441843773,39.625849078127445
1521213092.310657,1.001112937927246,794595.142566632,40.528658119238706
1521213093.311376,1.0007190704345703,794908.4514591655,40.110977382062835
1521213094.312481,1.0011048316955566,794609.959929465,29.728481031895203
1521213095.313589,1.001108169555664,0.0,0.07224394146348899
t,",", ,d,",", ,a,",",b
1521213175.189396,0.00022101402282714844,3597907516.331232,2749610.1931743687
1521213176.190665,1.0012691020965576,0.0,0.0
1521213177.191807,1.0011420249938965,0.0,0.0
1521213178.192895,1.0010879039764404,0.0,0.0
1521213179.194005,1.0011100769042969,0.0,0.0
1521213180.19509,1.0010850429534912,0.0,0.0
1521213181.196171,1.0010809898376465,0.0,0.0
1521213182.197248,1.0010769367218018,0.0,0.03612309770957133
t,",", ,d,",", ,a,",",b
1521213208.293472,0.00025200843811035156,0.0,286.99039025165564
1521213209.294675,1.0012030601501465,0.0,0.0
1521213210.295786,1.0011107921600342,0.0,0.0
1521213211.296907,1.0011210441589355,0.0,0.0
1521213212.298033,1.0011260509490967,0.0,0.0
1521213213.299178,1.0011448860168457,794586.7885346363,18.204805572660465
1521213214.300286,1.001108169555664,794620.1933354298,6.501954731714008
1521213215.301405,1.0011188983917236,794611.1565253182,7.043708805545704
1521213216.302522,1.0011169910430908,794605.9922946206,14.9182424567971
1521213217.303623,1.001101016998291,794605.2201860443,38.79527374415433
1521213218.304723,1.0011000633239746,794605.9297844314,39.120411070562454
1521213219.305825,1.0011019706726074,794606.5945789136,37.85605973239442
1521213220.306938,1.001112937927246,794611.2459485675,14.95442465362284
1521213221.308056,1.0011181831359863,794607.3195151867,13.581725143986393
1521213222.309171,1.001114845275879,794610.6319288309,12.89545756005887
1521213223.31028,1.0011091232299805,794602.2909353279,31.389962663221997
1521213224.311393,1.001112937927246,794596.6581790495,37.71115782217933
1521213225.312503,1.0011100769042969,794598.5974763548,38.108606516051594
1521213226.313609,1.001105785369873,794601.6722143886,39.084065412271954
1521213227.314723,1.0011141300201416,794594.8121063835,39.26434841071432
1521213228.315842,1.0011188983917236,794591.2168681686,39.26416139296503
1521213229.316952,1.0011100769042969,794597.6502158866,40.095311121153806
1521213230.318061,1.0011091232299805,794598.8807943944,39.409032526553744
1521213231.319177,1.0011157989501953,794592.9191082264,40.56466399050437
1521213232.320283,1.0011060237884521,794606.3613870505,34.17145755505802
1521213233.321393,1.0011100769042969,0.0,0.32509711719854445
1521213234.322469,1.0010759830474854,0.0,0.0
1521213235.323575,1.0011060237884521,0.0,0.0
1521213236.324687,1.0011119842529297,0.0,0.0
1521213237.325769,1.001081943511963,0.0,0.0
1521213238.326869,1.0011000633239746,0.0,0.0
1521213239.327977,1.001107931137085,0.0,0.0
1521213240.329083,1.0011060237884521,0.0,0.0
1521213241.330195,1.0011119842529297,0.0,0.0
1521213242.33137,1.0011751651763916,0.0,0.0
1521213243.332477,1.0011069774627686,0.0,0.03612201374487461
1521213244.333593,1.0011157989501953,0.0,0.0
1521213245.3347,1.0011072158813477,0.0,0.0
1521213246.335814,1.0011138916015625,0.0,0.0
1521213247.336927,1.001112937927246,0.0,0.0
1521213248.338023,1.0010960102081299,0.0,0.0
1521213249.339143,1.0011200904846191,0.0,0.0
1521213250.34026,1.0011169910430908,0.0,0.0
1521213251.341317,1.0010569095611572,0.0,0.0
1521213252.34239,1.0010731220245361,0.0,0.0
1521213253.343465,1.001075029373169,0.0,0.03612316653492308
1521213254.34456,1.0010948181152344,0.0,0.0
1521213255.345665,1.0011050701141357,0.0,0.0
1521213256.346778,1.001112937927246,0.0,0.0
1521213257.347884,1.0011060237884521,0.0,0.0
1521213258.348986,1.0011019706726074,0.0,0.0
1521213259.350089,1.001103162765503,0.0,0.0
1521213260.351207,1.0011179447174072,0.0,0.0
1521213261.352316,1.0011088848114014,0.0,0.0
1521213262.353431,1.001115083694458,0.0,0.0
1521213263.354539,1.001107931137085,0.0,0.0
1521213264.355651,1.0011119842529297,0.0,0.0
1521213265.356762,1.0011110305786133,0.0,0.0
1521213266.357874,1.0011119842529297,0.0,0.0361218330904165
1521213267.358991,1.0011169910430908,0.0,0.0
1521213268.360104,1.0011131763458252,0.0,0.0
1521213269.36121,1.0011060237884521,0.0,0.0
1521213270.362325,1.001114845275879,0.0,0.0
1521213271.363444,1.0011191368103027,0.0,0.0
1521213272.364567,1.0011229515075684,0.0,0.0
1521213273.365683,1.0011160373687744,0.0,0.0
1521213274.366793,1.0011098384857178,0.0,0.0
1521213275.367899,1.0011060237884521,0.0,0.0
1521213276.368978,1.0010790824890137,0.0,0.0
1521213277.37008,1.0011019706726074,0.0,0.0
1521213278.371151,1.0010709762573242,0.0,0.0
1521213279.372242,1.0010910034179688,0.0,0.0
1521213280.373351,1.0011091232299805,0.0,0.0
1521213281.374453,1.0011019706726074,0.0,0.0
1521213282.375561,1.001107931137085,0.0,0.0
1521213283.376666,1.0011050701141357,0.0,0.0
1521213284.377792,1.0011258125305176,0.0,0.0
1521213285.378899,1.0011072158813477,0.0,0.0
1521213286.380007,1.001107931137085,0.0,0.03612197933436232
1521213287.381105,1.0010979175567627,0.0,0.0
1521213288.382243,1.0011379718780518,0.0,0.0
1521213289.383361,1.0011181831359863,0.0,0.0
1521213290.384461,1.0010998249053955,0.0,0.0
1521213291.38556,1.0010991096496582,0.0,0.0
1521213292.386667,1.0011069774627686,0.0,0.0
1521213293.387759,1.0010919570922852,0.0,0.0
1521213294.388854,1.0010950565338135,0.0,0.0
1521213295.389948,1.001093864440918,0.0,0.03612248689606687
1521213296.39105,1.0011022090911865,0.0,0.0
1521213297.392167,1.0011169910430908,0.0,0.0
1521213298.393313,1.001145839691162,0.0,0.0
1521213299.394391,1.0010781288146973,0.0,0.0
1521213300.395485,1.001093864440918,0.0,0.0
1521213301.396607,1.001121997833252,0.0,0.0
1521213302.397718,1.0011110305786133,0.0,0.0
1521213303.398799,1.0010809898376465,0.0,0.0
1521213304.399896,1.0010969638824463,0.0,0.0
1521213305.401012,1.0011160373687744,0.0,0.0
1521213306.402118,1.0011060237884521,0.0,0.03612204815545245
1521213307.40326,1.0011420249938965,0.0,0.0
1521213308.404374,1.0011138916015625,0.0,0.0
1521213309.405472,1.0010981559753418,0.0,0.0
1521213310.406582,1.0011100769042969,0.0,0.0
1521213311.407689,1.0011069774627686,0.0,0.0
1521213312.408776,1.001086950302124,0.0,0.0
1521213313.409857,1.0010809898376465,0.0,0.0
1521213314.410952,1.0010950565338135,0.0,0.0
1521213315.412075,1.0011229515075684,0.0,0.0
1521213316.413186,1.0011110305786133,0.0,0.0
1521213317.414299,1.001112937927246,0.0,0.0
1521213318.415408,1.0011088848114014,0.0,0.0
1521213319.416537,1.001129150390625,0.0,0.0
1521213320.417657,1.00111985206604,0.0,0.0
1521213321.418769,1.0011119842529297,0.0,0.0
1521213322.419877,1.001108169555664,0.0,0.036121970731744495
1521213323.42099,1.001112937927246,0.0,0.0
1521213324.422092,1.0011019706726074,0.0,0.0
1521213325.423204,1.0011119842529297,0.0,0.0
1521213326.424288,1.0010840892791748,0.0,0.0
1521213327.425393,1.0011050701141357,0.0,0.0
1521213328.426504,1.0011107921600342,0.0,0.0
1521213329.427619,1.001115083694458,0.0,0.0
1521213330.428748,1.001128911972046,0.0,0.0
1521213331.429859,1.0011110305786133,0.0,0.03612186750065016
1521213332.430948,1.001089096069336,0.0,0.0
1521213333.43141,1.0004620552062988,0.0,0.0
1521213334.432525,1.001114845275879,0.0,0.0
1521213335.433618,1.0010931491851807,0.0,0.0
1521213336.434728,1.0011098384857178,0.0,0.0
1521213337.435845,1.0011169910430908,0.0,0.0
1521213338.436963,1.0011181831359863,0.0,0.0
1521213339.438083,1.00111985206604,0.0,0.0
1521213340.439193,1.0011100769042969,0.0,0.0
1521213341.440305,1.0011119842529297,0.0,0.0
1521213342.441434,1.001128911972046,0.0,0.0
1521213343.442543,1.0011091232299805,0.0,0.0
1521213344.443657,1.0011138916015625,0.0,0.0
1521213345.444769,1.0011119842529297,0.0,0.0
1521213346.445883,1.0011141300201416,0.0,0.0
1521213347.446987,1.0011038780212402,0.0,0.0
1521213348.448086,1.0010991096496582,0.0,0.0
1521213349.4492,1.0011138916015625,0.0,0.0
1521213350.45031,1.0011100769042969,0.0,0.0
1521213351.451426,1.0011160373687744,0.0,0.0
1521213352.452548,1.001121997833252,0.0,0.0
1521213353.453666,1.0011179447174072,0.0,0.0
1521213354.454765,1.0010991096496582,0.0,0.0
1521213355.455874,1.0011088848114014,0.0,0.0
1521213356.456999,1.0011250972747803,0.0,0.0
1521213357.458116,1.0011169910430908,0.0,0.03612165243776538
1521213358.459219,1.0011029243469238,0.0,0.0
1521213359.460329,1.0011100769042969,0.0,0.0
1521213360.46144,1.0011110305786133,0.0,0.0
1521213361.462553,1.001112937927246,0.0,0.0
1521213362.463658,1.0011050701141357,0.0,0.0
1521213363.464764,1.0011060237884521,0.0,0.0
1521213364.465876,1.0011119842529297,0.0,0.0
1521213365.466989,1.001112937927246,0.0,0.0
1521213366.468103,1.0011138916015625,0.0,0.0
1521213367.469214,1.0011110305786133,0.0,0.0
1521213368.470323,1.0011091232299805,0.0,0.0
1521213369.471436,1.001112937927246,0.0,0.0
1521213370.472544,1.001107931137085,0.0,0.0
1521213371.473652,1.001107931137085,0.0,0.0
1521213372.47475,1.0010981559753418,0.0,0.0
1521213373.475866,1.0011160373687744,0.0,0.0
1521213374.476996,1.0011298656463623,0.0,0.0
1521213375.478106,1.0011100769042969,0.0,0.0
1521213376.479214,1.001107931137085,0.0,0.0
1521213377.480365,1.0011510848999023,0.0,0.0
1521213378.481487,1.001121997833252,0.0,0.0
1521213379.48261,1.0011229515075684,0.0,0.0
1521213380.483097,1.0004870891571045,0.0,0.0
1521213381.48422,1.0011229515075684,0.0,0.036121437377441466
1521213382.485324,1.0011038780212402,0.0,0.0
1521213383.486435,1.0011110305786133,0.0,0.0
1521213384.487541,1.0011060237884521,0.0,0.0
1521213385.488643,1.0011019706726074,0.0,0.0
1521213386.489751,1.001108169555664,0.0,0.0
1521213387.490863,1.0011119842529297,0.0,0.0
1521213388.491976,1.001112937927246,0.0,0.0
1521213389.493082,1.0011060237884521,0.0,0.0
1521213390.494207,1.0011248588562012,0.0,0.0
1521213391.495328,1.0011210441589355,0.0,0.0
1521213392.496432,1.0011041164398193,0.0,0.0
1521213393.49755,1.0011179447174072,0.0,0.0
1521213394.498663,1.001112937927246,0.0,0.0
1521213395.499779,1.0011160373687744,0.0,0.0
1521213396.500904,1.0011250972747803,0.0,0.0
1521213397.502053,1.0011489391326904,0.0,0.03612049974435138
1521213398.503121,1.001067876815796,0.0,0.0
1521213399.50421,1.001089096069336,0.0,0.0
1521213400.505288,1.0010778903961182,0.0,0.0
1521213401.506372,1.0010840892791748,0.0,0.0
1521213402.507484,1.0011119842529297,0.0,0.0
1521213403.508594,1.0011100769042969,0.0,0.0
1521213404.509722,1.0011279582977295,0.0,0.0
1521213405.51083,1.001107931137085,0.0,0.0
1521213406.511899,1.0010690689086914,0.0,0.0
1521213407.512971,1.0010719299316406,0.0,0.0
1521213408.514067,1.0010960102081299,0.0,0.03612240947047811
1521213409.515161,1.001094102859497,0.0,0.0
1521213410.516265,1.0011038780212402,0.0,0.0
1521213411.517383,1.0011181831359863,0.0,0.0
1521213412.518502,1.0011188983917236,0.0,0.0
1521213413.519609,1.0011069774627686,0.0,0.0
1521213414.520714,1.0011050701141357,0.0,0.0
1521213415.521827,1.001112937927246,0.0,0.0
1521213416.522923,1.0010960102081299,0.0,0.0
1521213417.52402,1.0010969638824463,0.0,0.0
1521213418.525117,1.0010969638824463,0.0,0.0
1521213419.526226,1.0011091232299805,0.0,0.0
1521213420.527321,1.0010950565338135,0.0,0.0
1521213421.528416,1.0010948181152344,0.0,0.0
1521213422.529511,1.0010950565338135,0.0,0.0
1521213423.530581,1.0010700225830078,0.0,0.0
1521213424.531651,1.0010700225830078,0.0,0.0
1521213425.532731,1.00108003616333,0.0,0.0
1521213426.533835,1.0011038780212402,0.0,0.0
1521213427.534949,1.0011141300201416,0.0,0.0
1521213428.536058,1.0011088848114014,0.0,0.0
1521213429.537162,1.0011041164398193,0.0,0.036122116976804834
1521213430.538265,1.0011029243469238,0.0,0.0
1521213431.539365,1.0011000633239746,0.0,0.0
1521213432.540476,1.0011110305786133,0.0,0.0
1521213433.541591,1.001114845275879,0.0,0.0
1521213434.542698,1.0011069774627686,0.0,0.0
1521213435.543807,1.0011091232299805,0.0,0.0
1521213436.544921,1.0011138916015625,0.0,0.0
1521213437.546028,1.0011069774627686,0.0,0.0
1521213438.547129,1.001101016998291,0.0,0.0
t,",", ,d,",", ,a,",",b
t,",", ,d,",", ,a,",",b
1521213458.922517,0.00035309791564941406,0.0,0.036162
1521213459.923717,1.0011999607086182,0.0,0.0
1521213460.924829,1.0011119842529297,795496.8317472,15.513497999999998
1521213461.925955,1.0011260509490967,795500.5775795999,8.715042
1521213462.927069,1.0011138916015625,795500.1982547999,7.123913999999999
1521213463.928171,1.0011019706726074,795498.0171372,9.872226
1521213464.929276,1.0011050701141357,795482.3225736,33.196716
1521213465.93038,1.0011041164398193,795480.0940404,39.018798
1521213466.931489,1.0011088848114014,795479.9992092,39.16344599999999
1521213467.932594,1.0011050701141357,795492.3746808,22.058819999999997
1521213468.933704,1.0011098384857178,795500.4827484,4.556412
1521213469.934827,1.0011231899261475,0.0,0.0
1521213470.935937,1.0011098384857178,0.0,0.036162
1521213471.937036,1.0010991096496582,0.0,0.0
1521213472.93811,1.0010740756988525,0.0,0.0
1521213473.9392,1.0010898113250732,0.0,0.0
1521213474.94032,1.0011200904846191,0.0,0.0
1521213475.941476,1.0011560916900635,0.0,0.0
1521213476.942662,1.0011858940124512,0.0,0.0
1521213477.943772,1.0011100769042969,0.0,0.0
1521213478.944887,1.001114845275879,0.0,0.0
1521213479.945995,1.001108169555664,0.0,0.0
1521213480.947084,1.0010888576507568,0.0,0.0
1521213481.948181,1.0010969638824463,0.0,0.0
1521213482.949291,1.0011100769042969,0.0,0.0
1521213483.95043,1.0011389255523682,0.0,0.0
1521213484.951518,1.0010881423950195,0.0,0.036162
1521213485.952634,1.0011160373687744,0.0,0.0
1521213486.953752,1.0011179447174072,0.0,0.0
1521213487.954829,1.0010769367218018,0.0,0.0
1521213488.955911,1.001081943511963,0.0,0.0
1521213489.957026,1.001115083694458,0.0,0.0
1521213490.95811,1.0010840892791748,0.0,0.0
1521213491.959219,1.0011088848114014,0.0,0.0
1521213492.960338,1.0011191368103027,0.0,0.0
1521213493.961457,1.0011188983917236,0.0,0.0
1521213494.962563,1.0011060237884521,0.0,0.0
1521213495.963642,1.0010788440704346,0.0,0.0
1521213496.964746,1.0011041164398193,0.0,0.0
1521213497.96587,1.0011239051818848,0.0,0.0
1521213498.966965,1.0010950565338135,0.0,0.0
1521213499.968037,1.0010719299316406,0.0,0.0
t,",", ,d,",", ,a,",",b
1521213501.319341,0.00038886070251464844,0.0,0.0
1521213502.320511,1.0011701583862305,0.1896624,0.108486
1521213503.321617,1.001105785369873,0.0,0.0
1521213504.322726,1.0011091232299805,0.0,0.0
1521213505.32383,1.0011038780212402,795497.0688252001,9.257472
1521213506.32494,1.0011100769042969,795500.9569044,12.150431999999999
1521213507.326059,1.0011191368103027,795500.1982547999,7.087752
1521213508.327179,1.00111985206604,795498.5861244,8.932013999999999
1521213509.328294,1.001115083694458,795484.883016,29.110409999999995
1521213510.329411,1.0011169910430908,795480.0940404,38.87414999999999
1521213511.330521,1.0011100769042969,795480.0466248,38.982636
1521213512.331633,1.0011119842529297,795490.098732,25.711182
1521213513.332773,1.0011398792266846,795495.8834352,13.524587999999998
1521213514.333887,1.0011141300201416,795495.7411884001,13.958532
1521213515.334991,1.0011038780212402,795491.3315376,19.129697999999998
1521213516.33611,1.0011191368103027,795480.9475212,37.536156
1521213517.33722,1.0011098384857178,795480.9475212,37.716966
1521213518.338322,1.0011019706726074,795480.1888716,38.765664
1521213519.339422,1.0011000633239746,795480.5207808,38.51253
1521213520.340545,1.0011229515075684,795479.904378,39.561228
1521213521.341364,1.0008189678192139,795480.1414559999,38.946473999999995
1521213522.342473,1.0011091232299805,795479.904378,39.561228
1521213523.343581,1.001107931137085,795479.8569624,39.525065999999995
1521213524.344686,1.0011050701141357,795479.904378,39.633552
1521213525.345799,1.001112937927246,795479.6673,39.95901
1521213526.346911,1.0011119842529297,795479.904378,39.742038
1521213527.348058,1.0011470317840576,795479.3828064,40.429116
1521213528.349176,1.0011179447174072,795479.7147155999,40.103658
1521213529.350279,1.001103162765503,795479.3828064,40.609926
1521213530.351398,1.0011188983917236,795479.5724688,40.103658
1521213531.352518,1.0011200904846191,795479.4776375999,40.609926
1521213532.353631,1.001112937927246,795479.3828064,40.573764
1521213533.354725,1.001093864440918,795479.5724688,40.573764
1521213534.355833,1.001108169555664,795479.193144,40.935384
1521213535.356944,1.0011110305786133,795479.430222,40.646088
1521213536.358048,1.0011038780212402,795478.9086504,41.767109999999995
1521213537.359157,1.0011091232299805,795479.4776375999,40.609926
1521213538.360267,1.0011098384857178,795479.2405596001,41.297004
1521213539.361385,1.0011181831359863,795479.0983127999,41.188517999999995
t,",", ,d,",", ,a,",",b
1521213629.432882,0.0012021064758300781,0.0,0.0
1521213630.434066,1.0011839866638184,0.0948312,0.108486
1521213631.435184,1.0011179447174072,0.0,0.0
1521213632.4363,1.0011160373687744,0.0,0.0
1521213633.437408,1.001107931137085,0.0,0.0
1521213634.438514,1.0011060237884521,0.0,0.0
1521213635.439611,1.0010969638824463,0.0,0.0
1521213636.440717,1.0011060237884521,0.0,0.0
1521213637.441835,1.0011179447174072,0.0,0.0
1521213638.442955,1.0011200904846191,0.0,0.0
1521213639.444068,1.001112937927246,0.0,0.0
1521213640.445147,1.0010790824890137,0.0,0.0
1521213641.446254,1.0011069774627686,0.0,0.0
1521213642.447383,1.001128911972046,0.0,0.0
1521213643.448497,1.0011141300201416,0.0,0.0
1521213644.449606,1.0011088848114014,0.0,0.0
1521213645.450717,1.0011110305786133,0.0,0.0
1521213646.451816,1.0010991096496582,0.0,0.0
1521213647.452899,1.0010828971862793,0.0,0.0
1521213648.454007,1.001107931137085,0.0,0.0
1521213649.455117,1.0011100769042969,0.0,0.0
1521213650.456218,1.001101016998291,0.0,0.0
1521213651.457325,1.0011069774627686,0.0,0.0
1521213652.458436,1.0011110305786133,0.0,0.0
1521213653.459569,1.0011329650878906,0.0,0.0
1521213654.460709,1.0011401176452637,0.0,0.0
1521213655.461818,1.0011088848114014,0.0,0.0
1521213656.46294,1.001121997833252,0.0,0.0
1521213657.46406,1.0011200904846191,0.0,0.0
t,",", ,d,",", ,a,",",b
1521213659.374661,0.0007309913635253906,0.0,0.0
1521213660.375898,1.001236915588379,0.1422468,0.108486
1521213661.377029,1.0011310577392578,0.0,0.0
1521213662.378141,1.0011119842529297,0.0,0.0
1521213663.379252,1.0011110305786133,795496.736916,13.054481999999998
1521213664.380364,1.0011119842529297,795500.8146575999,11.21022
1521213665.381484,1.0011200904846191,795500.1508391999,7.123913999999999
1521213666.382598,1.0011138916015625,795498.4912932,9.148985999999999
1521213667.383718,1.0011200904846191,795484.171782,30.376079999999995
1521213668.384838,1.0011200904846191,795479.9517936,39.271932
1521213669.385949,1.0011107921600342,795479.9517936,39.344256
1521213670.387054,1.0011050701141357,795490.6677192,24.987941999999997
1521213671.388155,1.001101016998291,795495.9308508,13.488425999999999
1521213672.389258,1.0011029243469238,795500.9569044,3.543876
1521213673.390373,1.001115083694458,0.0,0.0
1521213674.391464,1.0010910034179688,0.0,0.0
1521213675.392568,1.0011041164398193,0.0,0.0
1521213676.393686,1.0011179447174072,0.0,0.0
1521213677.394802,1.0011160373687744,0.0,0.0
1521213678.395958,1.0011558532714844,0.0,0.0
1521213679.39784,1.0018820762634277,0.0,0.0
1521213680.398957,1.0011169910430908,0.0,0.0
1521213681.400042,1.0010850429534912,0.0,0.0
1521213682.401135,1.0010929107666016,0.0,0.0
1521213683.40226,1.0011250972747803,0.0,0.0
1521213684.403377,1.0011169910430908,0.0,0.0
1521213685.404491,1.0011138916015625,0.0,0.0
1521213686.405589,1.0010981559753418,0.0,0.0
1521213687.406692,1.0011029243469238,0.0,0.0
1521213688.407798,1.0011060237884521,0.0,0.0
1521213689.408916,1.0011179447174072,0.0,0.0
1521213690.410014,1.0010979175567627,0.0,0.036162
1521213691.411082,1.001068115234375,0.0,0.0
1521213692.412208,1.0011260509490967,0.0,0.0
1521213693.413323,1.001114845275879,0.0,0.0
1521213694.414421,1.0010981559753418,0.0,0.0
1521213695.41553,1.0011088848114014,0.0,0.0
1521213696.416641,1.0011110305786133,0.0,0.0
1521213697.417761,1.0011200904846191,0.0,0.0
1521213698.418871,1.0011098384857178,0.0,0.0
1521213699.419983,1.0011119842529297,0.0,0.0
1521213700.42108,1.0010972023010254,0.0,0.0
1521213701.422179,1.001098871231079,0.0,0.0
1521213702.423286,1.0011069774627686,0.0,0.0
1521213703.424401,1.001115083694458,0.0,0.0
1521213704.425503,1.0011019706726074,0.0,0.0
1521213705.426616,1.001112937927246,0.0,0.0
1521213706.427735,1.0011191368103027,0.0,0.0
1521213707.428861,1.0011258125305176,0.0,0.0
1521213708.429999,1.0011382102966309,0.0,0.0
1521213709.431128,1.001128911972046,0.0,0.0
1521213710.432251,1.0011229515075684,0.0,0.0
1521213711.433366,1.001115083694458,0.0,0.0
1521213712.434486,1.00111985206604,0.0,0.0
1521213713.435604,1.0011181831359863,0.0,0.0
1521213714.436749,1.0011448860168457,0.0,0.0
1521213715.437856,1.0011069774627686,0.0,0.036162
1521213716.438972,1.0011160373687744,0.0,0.0
1521213717.440082,1.0011100769042969,0.0,0.0
1521213718.44116,1.0010778903961182,0.0,0.0
1521213719.44223,1.0010700225830078,0.0,0.0
1521213720.443336,1.0011060237884521,0.0,0.0
1521213721.444415,1.0010790824890137,0.0,0.0
1521213722.445479,1.0010638236999512,0.0,0.0
1521213723.44655,1.0010709762573242,0.0,0.0
1521213724.447626,1.0010762214660645,0.0,0.0
t,",", ,d,",", ,a,",",b
1521213725.752088,0.00023818016052246094,0.0,0.0
1521213726.753272,1.0011839866638184,0.47415599999999997,0.072324
1521213727.754379,1.0011069774627686,0.0,0.0
1521213728.755484,1.0011050701141357,0.0,3.363066
1521213729.7566,1.0011157989501953,795480.7104432,18.514944
1521213730.757721,1.0011210441589355,795480.7104432,6.87078
1521213731.758829,1.001108169555664,795491.9479404,7.883316
1521213732.759933,1.0011038780212402,795491.9479404,25.602695999999998
1521213733.761032,1.0010991096496582,795394.6037136,39.091122
1521213734.762141,1.0011088848114014,795394.6037136,39.271932
1521213735.763243,1.0011019706726074,795328.411536,29.435867999999996
1521213736.764355,1.0011119842529297,795328.411536,13.596912
1521213737.765472,1.0011169910430908,795452.0240052,13.886208
1521213738.766584,1.0011119842529297,795452.0240052,15.332688000000001
1521213739.767683,1.0010991096496582,795417.9321888,37.536156
1521213740.768806,1.0011229515075684,795417.9321888,37.89777599999999
1521213741.769914,1.001107931137085,795335.0497199999,38.87414999999999
1521213742.771023,1.0011091232299805,795382.9394759999,36.451296
1521213743.772125,1.0011019706726074,0.0,0.867888
1521213744.773235,1.0011100769042969,0.0,0.0
1521213745.774341,1.0011060237884521,0.0,0.0
1521213746.775452,1.0011107921600342,0.0,0.0
1521213747.776554,1.0011022090911865,0.0,0.0
1521213748.77766,1.001105785369873,0.0,0.0
1521213749.778778,1.0011181831359863,0.0,0.0
1521213750.779895,1.0011169910430908,0.0,0.0
1521213751.781031,1.0011358261108398,0.0,0.036162
1521213752.781363,1.0003321170806885,0.0,0.0
1521213753.782475,1.0011119842529297,0.0,0.0
1521213754.783593,1.0011179447174072,0.0,0.0
1521213755.784712,1.0011191368103027,0.0,0.0
1521213756.785823,1.0011110305786133,0.0,0.0
1521213757.78693,1.0011069774627686,0.0,0.0
1521213758.788031,1.001101016998291,0.0,0.0
1521213759.789147,1.0011157989501953,0.0,0.0
1521213760.790269,1.001121997833252,0.0,0.0
1521213761.791391,1.001121997833252,0.0,0.0
1521213762.792527,1.001136064529419,0.0,0.0
1521213763.793663,1.001136064529419,0.0,0.0
1521213764.794782,1.0011188983917236,0.0,0.0
1521213765.795898,1.0011160373687744,0.0,0.0
1521213766.796994,1.0010960102081299,0.0,0.0
1521213767.798099,1.0011050701141357,0.0,0.0
1521213768.799218,1.0011188983917236,0.0,0.0
1521213769.800329,1.0011110305786133,0.0,0.0
1521213770.801448,1.0011191368103027,0.0,0.0
1521213771.802539,1.0010910034179688,0.0,0.0
1521213772.803647,1.001107931137085,0.0,0.036162
1521213773.804749,1.0011019706726074,0.0,0.0
1521213774.805852,1.0011029243469238,0.0,0.0
1521213775.806933,1.0010809898376465,0.0,0.0
1521213776.80803,1.0010969638824463,0.0,0.0
1521213777.809143,1.0011131763458252,0.0,0.0
1521213778.810246,1.0011029243469238,0.0,0.0
1521213779.811363,1.0011169910430908,0.0,0.0
1521213780.81248,1.0011169910430908,0.0,0.0
1521213781.813597,1.0011169910430908,0.0,0.0
1521213782.814714,1.0011169910430908,0.0,0.0
1521213783.81583,1.0011160373687744,0.0,0.0
1521213784.816948,1.0011179447174072,0.0,0.0
1521213785.818053,1.0011050701141357,0.0,0.0
1521213786.819164,1.0011110305786133,0.0,0.0
1521213787.820279,1.001114845275879,0.0,0.0
1521213788.821382,1.001103162765503,0.0,0.0
1521213789.822502,1.00111985206604,0.0,0.0
1521213790.823614,1.0011119842529297,0.0,0.0
1521213791.824724,1.0011100769042969,0.0,0.0
1521213792.825841,1.0011169910430908,0.0,0.0
1521213793.826951,1.0011100769042969,0.0,0.0
1521213794.828063,1.0011119842529297,0.0,0.0
1521213795.829167,1.0011038780212402,0.0,0.0
1521213796.830288,1.0011210441589355,0.0,0.0
1521213797.831412,1.0011241436004639,0.0,0.0
1521213798.832532,1.00111985206604,0.0,0.0
1521213799.833652,1.0011200904846191,0.0,0.0
1521213800.834755,1.0011029243469238,0.0,0.0
1521213801.835868,1.001112937927246,0.0,0.036162
1521213802.836976,1.001108169555664,0.0,0.0
1521213803.83807,1.001093864440918,0.0,0.0
1521213804.83917,1.0011000633239746,0.0,0.0
1521213805.840279,1.0011091232299805,0.0,0.0
1521213806.841406,1.001127004623413,0.0,0.0
1521213807.842526,1.00111985206604,0.0,0.0
1521213808.843647,1.0011210441589355,0.0,0.0
1521213809.844768,1.0011210441589355,0.0,0.0
1521213810.845889,1.0011210441589355,0.0,0.0
1521213811.847007,1.0011179447174072,0.0,0.0
1521213812.84812,1.001112937927246,0.0,0.0
1521213813.849223,1.0011029243469238,0.0,0.0
1521213814.850334,1.0011110305786133,0.0,0.0
1521213815.85145,1.0011160373687744,0.0,0.0
1521213816.852568,1.0011179447174072,0.0,0.0
1521213817.853675,1.0011069774627686,0.0,0.0
1521213818.854776,1.001101016998291,0.0,0.0
1521213819.855878,1.0011022090911865,0.0,0.0
1521213820.856992,1.0011138916015625,0.0,0.0
1521213821.858109,1.0011169910430908,0.0,0.0
1521213822.859231,1.001121997833252,0.0,0.0
1521213823.860339,1.001107931137085,0.0,0.0
1521213824.861449,1.0011100769042969,0.0,0.0
1521213825.862567,1.0011179447174072,0.0,0.0
1521213826.863671,1.0011041164398193,0.0,0.0
1521213827.864787,1.0011160373687744,0.0,0.036162
1521213828.865903,1.0011157989501953,0.0,0.0
1521213829.867013,1.0011100769042969,0.0,0.0
1521213830.868133,1.0011200904846191,0.0,0.0
1521213831.869245,1.0011119842529297,0.0,0.0
1521213832.870362,1.0011169910430908,0.0,0.0
1521213833.871464,1.0011019706726074,0.0,0.0
1521213834.872571,1.0011069774627686,0.0,0.0
1521213835.873693,1.001121997833252,0.0,0.0
1521213836.874808,1.001115083694458,0.0,0.0
1521213837.875926,1.0011179447174072,0.0,0.0
1521213838.877008,1.001081943511963,0.0,0.0
1521213839.878075,1.0010669231414795,0.0,0.0
1521213840.879177,1.0011022090911865,0.0,0.0
1521213841.880302,1.0011248588562012,0.0,0.0
1521213842.881412,1.0011100769042969,0.0,0.0
1521213843.882538,1.0011260509490967,0.0,0.0
1521213844.883659,1.0011208057403564,0.0,0.036162
1521213845.884761,1.0011022090911865,0.0,0.0
1521213846.885883,1.001121997833252,0.0,0.0
1521213847.886993,1.0011098384857178,0.0,0.0
1521213848.888095,1.0011019706726074,0.0,0.0
1521213849.8892,1.0011050701141357,0.0,0.0
1521213850.890305,1.0011050701141357,0.0,0.0
1521213851.891425,1.00111985206604,0.0,0.0
1521213852.892546,1.0011210441589355,0.0,0.0
1521213853.893651,1.0011050701141357,0.0,0.0
1521213854.894779,1.0011279582977295,0.0,0.0
1521213855.895896,1.0011169910430908,0.0,0.0
1521213856.896989,1.0010931491851807,0.0,0.0
1521213857.898072,1.0010828971862793,0.0,0.0
1521213858.899186,1.0011138916015625,0.0,0.0
1521213859.900305,1.0011191368103027,0.0,0.0
1521213860.901431,1.0011260509490967,0.0,0.0
1521213861.902516,1.001084804534912,0.0,0.0
1521213862.90359,1.0010740756988525,0.0,0.036162
1521213863.904661,1.0010709762573242,0.0,0.0
1521213864.905785,1.0011241436004639,0.0,0.0
1521213865.906911,1.0011258125305176,0.0,0.0
1521213866.908023,1.0011122226715088,0.0,0.0
1521213867.909101,1.0010778903961182,0.0,0.0
1521213868.910169,1.001067876815796,0.0,0.0
1521213869.911295,1.0011260509490967,0.0,0.0
1521213870.912426,1.0011310577392578,0.0,0.0
1521213871.913549,1.0011229515075684,0.0,0.0
1521213872.91463,1.0010809898376465,0.0,0.0
1521213873.915701,1.0010709762573242,0.0,0.0
1521213874.916827,1.0011260509490967,0.0,0.0
1521213875.917945,1.0011179447174072,0.0,0.0
1521213876.919049,1.0011041164398193,0.0,0.036162
1521213877.920121,1.0010719299316406,0.0,0.0
1521213878.92121,1.001089096069336,0.0,0.0
1521213879.922326,1.0011160373687744,0.0,0.0
1521213880.923457,1.0011308193206787,0.0,0.0
t,",", ,d,",", ,a,",",b
1521213882.341518,0.004372835159301758,0,0.0,0.0
1521213883.342788,1.001270055770874,16777212,0.0,0.108486
1521213884.343904,1.0011160373687744,0,0.0,0.0
1521213885.345026,1.001121997833252,0,0.0,0.0
1521213886.346136,1.0011100769042969,0,0.0,0.0
1521213887.347244,1.001107931137085,0,0.0,0.0
1521213888.34836,1.0011160373687744,16777101,0.0,20.250719999999998
1521213889.349484,1.0011239051818848,16777189,0.0,6.617646
1521213890.350608,1.0011241436004639,16777184,0.0,7.051589999999999
1521213891.35173,1.001121997833252,16776986,0.0,19.093535999999997
1521213892.352832,1.0011019706726074,16776759,0.0,38.801826
1521213893.353947,1.001114845275879,16776759,0.0,38.946473999999995
1521213894.355056,1.0011091232299805,16776849,795501.715554,34.968653999999994
1521213895.356152,1.0010960102081299,16777088,0.0,14.175504
1521213896.357263,1.0011110305786133,16777087,0.0,13.886208
1521213897.358362,1.001098871231079,16777109,0.0,12.548213999999998
1521213898.359465,1.0011029243469238,16776788,0.0,34.932491999999996
1521213899.36057,1.0011050701141357,16776779,795501.715554,37.680803999999995
1521213900.361687,1.0011169910430908,16776770,795501.715554,38.367882
1521213901.362792,1.0011050701141357,16776766,0.0,38.910312
1521213902.363898,1.0011060237884521,16776756,0.0,39.41658
1521213903.365019,1.0011210441589355,16776765,795501.715554,39.018798
1521213904.366127,1.001107931137085,16776750,0.0,40.031334
1521213905.367246,1.0011188983917236,16776762,0.0,39.235769999999995
1521213906.368362,1.0011160373687744,16776750,0.0,40.284468
1521213907.36946,1.0010981559753418,16776755,795501.715554,39.742038
1521213908.370571,1.0011107921600342,16776752,795501.715554,40.356792
1521213909.371367,1.0007960796356201,16776751,795501.715554,40.103658
1521213910.372461,1.001094102859497,16776751,0.0,40.465278
1521213911.373574,1.001112937927246,16776742,0.0,40.899221999999995
1521213912.374683,1.0011088848114014,16776755,795501.715554,40.067496
1521213913.375782,1.0010991096496582,16776741,795501.715554,41.22468
1521213914.376895,1.001112937927246,16776752,0.0,40.392954
1521213915.378005,1.0011100769042969,16776743,795501.715554,41.22468
1521213916.379118,1.001112937927246,16776747,795501.715554,40.754574
1521213917.38023,1.0011119842529297,16776745,795501.715554,41.188517999999995
1521213918.381353,1.0011229515075684,16776818,0.0,37.78929
1521213919.382452,1.0010991096496582,0,0.0,0.614754
1521213920.383564,1.0011119842529297,16777156,795501.6681384,0.18081
1521213921.384674,1.0011100769042969,16777169,0.0,20.901635999999996
1521213922.385722,1.0010478496551514,16777184,0.0,7.015427999999999
1521213923.386832,1.0011100769042969,16777189,0.0,5.930568
1521213924.387935,1.0011029243469238,0,0.0,0.036162
1521213925.389026,1.0010910034179688,16777104,0.0,29.399705999999995
1521213926.390134,1.001108169555664,16777186,795501.715554,6.834618
1521213927.391246,1.0011119842529297,16777172,0.0,7.5578579999999995
1521213928.392352,1.0011060237884521,16776929,0.0,24.445511999999997
1521213929.393471,1.0011188983917236,16776750,0.0,40.718412
1521213930.394581,1.0011100769042969,16776748,0.0,40.790735999999995
1521213931.395681,1.0010998249053955,16776893,795501.715554,32.5458
1521213932.396786,1.0011050701141357,16777093,795501.715554,13.994693999999999
1521213933.397903,1.0011169910430908,16777087,0.0,14.175504
1521213934.399022,1.0011191368103027,16777072,795501.715554,14.103179999999998
1521213935.400106,1.0010838508605957,16776773,0.0,38.367882
1521213936.401205,1.0010991096496582,16776769,0.0,39.127284
1521213937.401368,1.0001628398895264,16776759,0.0,39.886686
1521213938.402493,1.0011250972747803,16776759,0.0,40.067496
1521213939.403605,1.0011119842529297,16776745,0.0,40.899221999999995
1521213940.404743,1.0011379718780518,16776757,795501.715554,40.175982
1521213941.405853,1.0011100769042969,16776746,0.0,41.260842
1521213942.406934,1.0010809898376465,16776752,795501.715554,40.501439999999995
1521213943.408025,1.0010910034179688,16776745,795501.715554,41.333166
1521213944.40915,1.0011248588562012,16776748,795501.715554,40.971546
1521213945.410299,1.0011491775512695,16776747,0.0,41.22468
1521213946.411323,1.0010240077972412,16776743,0.0,41.152356
1521213947.412402,1.0010788440704346,16776746,0.0,41.260842
1521213948.413528,1.0011260509490967,16776737,795501.715554,41.947919999999996
1521213949.414643,1.001115083694458,16776749,0.0,40.899221999999995
1521213950.415755,1.0011119842529297,16776740,795501.715554,41.875595999999994
1521213951.416859,1.0011038780212402,16776746,795501.715554,41.188517999999995
1521213952.417968,1.0011091232299805,16776742,0.0,41.767109999999995
1521213953.419075,1.0011069774627686,16776741,795501.715554,41.477813999999995
1521213954.42018,1.0011050701141357,16776745,0.0,41.513976
1521213955.421285,1.0011048316955566,16776740,795501.715554,41.622462
1521213956.422361,1.0010759830474854,16776745,795501.715554,41.513976
t,",", ,d,",", ,a,",",b
1521213958.251029,0.0013971328735351562,16777201,795501.2413979999,0.0
1521213959.25226,1.0012309551239014,16776639,795501.715554,28.604142
1521213960.253367,1.0011069774627686,16776747,0.0,41.080032
1521213961.254473,1.0011060237884521,16776737,0.0,42.020244
1521213962.255584,1.0011110305786133,16776744,0.0,41.297004
1521213963.256696,1.0011119842529297,16776740,795501.715554,41.984082
1521213964.257808,1.0011119842529297,16776743,795501.715554,41.477813999999995
1521213965.258927,1.0011191368103027,16776742,0.0,41.839434
1521213966.260041,1.0011138916015625,16776734,0.0,42.164891999999995
1521213967.261156,1.001115083694458,16776748,0.0,41.297004
1521213968.26227,1.0011138916015625,16776735,0.0,42.237216
1521213969.263382,1.0011119842529297,16776762,0.0,40.935384
1521213970.264501,1.0011191368103027,16777215,0.0,2.820636
1521213971.264679,1.0001778602600098,0,0.0,0.0
1521213972.265792,1.001112937927246,0,0.0,0.0
t,",", ,d,",", ,a,",",b
1521213974.333125,0.00047516822814941406,0,0.0,0.0
1521213975.334371,1.0012459754943848,1,0.0,0.108486
1521213976.335482,1.0011107921600342,0,0.0,0.0
1521213977.336593,1.0011110305786133,0,0.0,0.0
1521213978.337709,1.0011160373687744,0,0.0,0.0
1521213979.338808,1.0010991096496582,0,0.0,0.0
1521213980.339928,1.00111985206604,0,0.0,0.0
1521213981.341133,1.0012052059173584,0,0.0,0.0
1521213982.342311,1.0011777877807617,0,0.0,0.0
1521213983.343426,1.001115083694458,0,0.0,0.0
1521213984.344508,1.001081943511963,0,0.0,0.0
1521213985.345619,1.0011110305786133,0,0.0,0.0
1521213986.346729,1.0011100769042969,0,0.0,0.0
1521213987.347843,1.0011138916015625,0,0.0,0.0
1521213988.348957,1.0011141300201416,0,0.0,0.0
1521213989.350062,1.0011048316955566,0,0.0,0.0
1521213990.351173,1.0011110305786133,0,0.0,0.0
1521213991.352286,1.0011131763458252,0,0.0,0.0
1521213992.353405,1.0011188983917236,0,0.0,0.0
1521213993.354522,1.0011169910430908,0,0.0,0.0
1521213994.355632,1.0011100769042969,0,0.0,0.0
1521213995.356746,1.0011138916015625,0,0.0,0.0
1521213996.357865,1.0011191368103027,0,0.0,0.0
1521213997.35898,1.001114845275879,0,0.0,0.0
1521213998.360089,1.0011091232299805,0,0.0,0.0
1521213999.361169,1.00108003616333,0,0.0,0.0
1521214000.362274,1.0011048316955566,0,0.0,0.0
1521214001.363478,1.001204013824463,0,0.0,0.0
1521214002.364684,1.0012061595916748,0,0.0,0.0
1521214003.365864,1.0011799335479736,0,0.0,0.0
1521214004.366989,1.0011248588562012,0,0.0,0.0
1521214005.368093,1.0011041164398193,0,0.0,0.0
1521214006.369346,1.0012528896331787,0,0.0,0.0
1521214007.370445,1.0010991096496582,0,0.0,0.0
t,",", ,d,",", ,a,",",b
1521214008.61504,0.0004570484161376953,0,0.0,0.0
1521214009.616229,1.0011889934539795,0,0.0,0.0
1521214010.617351,1.001121997833252,0,0.0,0.0
1521214011.618475,1.0011239051818848,0,0.0,0.0
1521214012.619594,1.0011191368103027,16777104,0.0,20.286882
1521214013.620716,1.001121997833252,16777197,0.0,8.027963999999999
1521214014.621823,1.0011069774627686,16777183,0.0,7.123913999999999
1521214015.622926,1.0011029243469238,16777210,0.0,1.048698
1521214016.624047,1.0011210441589355,0,0.0,0.0
1521214017.62516,1.001112937927246,0,0.0,0.0
1521214018.626237,1.0010769367218018,0,0.0,0.0
1521214019.62735,1.0011131763458252,0,0.0,0.0
1521214020.628474,1.0011239051818848,0,0.0,0.0
1521214021.629578,1.0011041164398193,0,0.0,0.0
1521214022.630692,1.0011138916015625,0,0.0,0.0
1521214023.631815,1.0011229515075684,0,0.0,0.0
1521214024.632909,1.001094102859497,0,0.0,0.036162
1521214025.634009,1.0010998249053955,0,0.0,0.0
1521214026.635128,1.0011191368103027,0,0.0,0.0
1521214027.636231,1.0011029243469238,0,0.0,0.0
1521214028.637322,1.0010910034179688,0,0.0,0.0
1521214029.638408,1.0010859966278076,0,0.0,0.0
1521214030.63951,1.0011019706726074,0,0.0,0.0
1521214031.640626,1.0011160373687744,0,0.0,0.0
1521214032.641743,1.0011169910430908,0,0.0,0.0
1521214033.642856,1.001112937927246,0,0.0,0.0
1521214034.643963,1.0011072158813477,0,0.0,0.0
1521214035.645075,1.0011119842529297,0,0.0,0.0
1521214036.64615,1.001075029373169,0,0.0,0.0
1521214037.647261,1.0011107921600342,0,0.0,0.036162
1521214038.648375,1.0011141300201416,0,0.0,0.0
1521214039.649482,1.0011069774627686,0,0.0,0.0
1521214040.650563,1.0010809898376465,0,0.0,0.0
1521214041.651666,1.0011029243469238,0,0.0,0.0
1521214042.652743,1.0010771751403809,0,0.0,0.0
1521214043.653836,1.0010929107666016,0,0.0,0.0
1521214044.654936,1.0011000633239746,0,0.0,0.0
1521214045.656032,1.0010960102081299,0,0.0,0.0
1521214046.657145,1.001112937927246,0,0.0,0.0
1521214047.658256,1.0011110305786133,0,0.0,0.0
1521214048.65936,1.0011038780212402,0,0.0,0.0
1521214049.660485,1.0011250972747803,0,0.0,0.0
1521214050.6616,1.001115083694458,0,0.0,0.0
1521214051.662707,1.0011069774627686,0,0.0,0.0
1521214052.663816,1.0011088848114014,0,0.0,0.0
1521214053.664918,1.0011019706726074,0,0.0,0.0
1521214054.666032,1.0011141300201416,0,0.0,0.0
1521214055.667143,1.0011110305786133,0,0.0,0.0
1521214056.668244,1.001100778579712,0,0.0,0.0
1521214057.669354,1.0011100769042969,0,0.0,0.036162
1521214058.670473,1.0011191368103027,0,0.0,0.0
1521214059.671586,1.001112937927246,0,0.0,0.0
1521214060.672703,1.0011169910430908,0,0.0,0.0
1521214061.673804,1.001101016998291,0,0.0,0.0
1521214062.674918,1.0011138916015625,0,0.0,0.0
1521214063.676027,1.0011091232299805,0,0.0,0.0
1521214064.677133,1.0011060237884521,0,0.0,0.0
1521214065.678236,1.0011029243469238,0,0.0,0.0
1521214066.679321,1.0010850429534912,0,0.0,0.0
1521214067.680416,1.0010950565338135,0,0.0,0.0
1521214068.681499,1.0010828971862793,0,0.0,0.0
1521214069.682606,1.0011069774627686,0,0.0,0.0
1521214070.683583,1.0009770393371582,0,0.0,0.0
1521214071.684719,1.001136064529419,0,0.0,0.0
t,",", ,d,",", ,a,",",b
1521214073.376392,0.00024390220642089844,0,0.0,0.0
1521214074.377563,1.0011711120605469,1,0.0,0.108486
1521214075.378694,1.0011310577392578,0,0.0,0.0
1521214076.379822,1.0011279582977295,0,0.0,0.0
1521214077.380931,1.0011088848114014,16777098,0.0,25.49421
1521214078.381372,1.000441074371338,16777197,0.0,7.485534
1521214079.382488,1.0011160373687744,16777184,0.0,7.123913999999999
1521214080.383592,1.0011038780212402,16777122,0.0,10.812438
1521214081.384697,1.0011050701141357,16776760,795501.715554,37.42767
1521214082.385817,1.0011200904846191,16776757,795501.715554,39.742038
1521214083.38692,1.0011029243469238,16776756,0.0,39.886686
1521214084.388027,1.0011069774627686,16777065,0.0,18.695754
1521214085.389129,1.0011019706726074,16777083,0.0,13.705397999999999
1521214086.390241,1.0011119842529297,16777186,0.0,3.0376079999999996
1521214087.391364,1.0011231899261475,0,0.0,0.0
1521214088.392474,1.0011098384857178,0,0.0,0.036162
1521214089.393585,1.0011110305786133,0,0.0,0.0
1521214090.394688,1.0011029243469238,0,0.0,0.0
1521214091.394914,1.0002260208129883,0,0.0,0.0
1521214092.396036,1.001121997833252,0,0.0,0.0
1521214093.397149,1.0011131763458252,0,0.0,0.0
1521214094.398282,1.0011329650878906,0,0.0,0.0
1521214095.398598,1.0003159046173096,0,0.0,0.0
t,",", ,d,",", ,a,",",b
1521214163.489064,0.002093076705932617,0,0.0,0.0
1521214164.494261,1.0051970481872559,16777213,0.0,0.036162
1521214165.495397,1.001136064529419,0,0.0,0.0
1521214166.496514,1.0011169910430908,16777109,0.0,18.478782
1521214167.497638,1.0011239051818848,16777194,0.0,9.474443999999998
1521214168.498764,1.0011260509490967,16777184,0.0,7.160076
1521214169.499881,1.0011169910430908,16777141,795501.715554,9.58293
1521214170.501007,1.0011260509490967,16776822,0.0,32.292666000000004
1521214171.502125,1.0011179447174072,16776844,0.0,35.547246
1521214172.503248,1.0011229515075684,0,0.0,0.54243
1521214173.504365,1.0011169910430908,0,0.0,0.0
1521214174.505474,1.0011091232299805,0,0.0,0.0
1521214175.50659,1.0011157989501953,0,0.0,0.0
1521214176.50771,1.0011200904846191,0,0.0,0.0
1521214177.508848,1.0011379718780518,0,0.0,0.0
1521214178.50996,1.0011119842529297,0,0.0,0.036162
t,",", ,d,",", ,a,",",b
1521214202.253285,0.005590915679931641,2,0.0948312,0.0
1521214203.254479,1.0011940002441406,0,0.0,0.072324
1521214204.255592,1.0011131763458252,0,0.0,0.0
1521214205.2567,1.001107931137085,0,0.0,0.0
1521214206.257821,1.0011210441589355,0,0.0,0.0
1521214207.258926,1.0011048316955566,0,0.0,0.0
1521214208.260035,1.0011091232299805,16777109,795496.6895004,14.175504
1521214209.261161,1.0011260509490967,16777196,795500.8146575999,11.427192
1521214210.262286,1.0011248588562012,16777182,795500.1508391999,7.268561999999999
1521214211.263406,1.0011200904846191,16777147,795498.4438776,9.293634
1521214212.264519,1.001112937927246,16776844,795484.1243664,30.629214
1521214213.265651,1.0011320114135742,16776760,795480.0940404,39.235769999999995
1521214214.266773,1.001121997833252,16776760,795480.0940404,39.380418
1521214215.2679,1.001127004623413,16776987,795490.9047972,24.734808
1521214216.269028,1.0011279582977295,16777094,795495.9782664,13.524587999999998
1521214217.270152,1.0011241436004639,16777091,795495.8360195999,14.030855999999998
1521214218.271294,1.0011420249938965,16776982,795490.6203036,20.178396
1521214219.272418,1.0011239051818848,16776779,795481.0423523999,37.825452
1521214220.27354,1.001121997833252,16776777,795480.9475212,38.042424
1521214221.274665,1.0011250972747803,16776760,795480.1414559999,39.271932
1521214222.275785,1.00111985206604,16776767,795480.4733652,38.946473999999995
1521214223.276897,1.0011119842529297,16776755,795479.904378,39.95901
1521214224.278005,1.001107931137085,16776758,795480.0466248,39.525065999999995
1521214225.279116,1.0011110305786133,16776756,795479.904378,40.067496
1521214226.280226,1.0011100769042969,16776752,795479.7621311999,40.067496
1521214227.28133,1.0011041164398193,16776755,795479.904378,40.13981999999999
1521214228.28244,1.0011098384857178,16776747,795479.5250532,40.537602
1521214229.283551,1.0011110305786133,16776913,795487.3960427999,30.267594
1521214230.284669,1.0011179447174072,0,0.0,0.072324
1521214231.285773,1.0011041164398193,0,0.0,0.036162
1521214232.286878,1.0011050701141357,0,0.0,0.0
1521214233.28796,1.001081943511963,0,0.0,0.0
1521214234.289025,1.0010650157928467,0,0.0,0.0
1521214235.290124,1.001098871231079,0,0.0,0.0
1521214236.291231,1.0011069774627686,0,0.0,0.0
1521214237.292334,1.001103162765503,0,0.0,0.0
1521214238.293436,1.0011019706726074,0,0.0,0.0
1521214239.294521,1.0010850429534912,0,0.0,0.0
1521214240.295629,1.001107931137085,0,0.0,0.0
1521214241.296744,1.001115083694458,0,0.0,0.0
1521214242.297866,1.001121997833252,0,0.0,0.0
1521214243.298993,1.001127004623413,0,0.0,0.0
1521214244.300115,1.001121997833252,0,0.0,0.0
1521214245.301231,1.0011157989501953,0,0.0,0.0
1521214246.30234,1.0011091232299805,0,0.0,0.0
1521214247.303456,1.0011160373687744,0,0.0,0.0
1521214248.304568,1.0011119842529297,0,0.0,0.0
1521214249.305659,1.0010910034179688,0,0.0,0.0
1521214250.306739,1.00108003616333,0,0.0,0.036162
1521214251.307839,1.0010998249053955,0,0.0,0.0
1521214252.308935,1.0010960102081299,0,0.0,0.0
1521214253.310027,1.0010919570922852,0,0.0,0.0
1521214254.311133,1.0011060237884521,0,0.0,0.0
1521214255.312229,1.0010960102081299,0,0.0,0.0
1521214256.313339,1.0011100769042969,0,0.0,0.0
1521214257.314454,1.001115083694458,0,0.0,0.0
1521214258.315537,1.0010828971862793,0,0.0,0.0
1521214259.316637,1.0011000633239746,0,0.0,0.0
1521214260.317719,1.001081943511963,0,0.0,0.0
1521214261.318902,1.001183032989502,0,0.0,0.0
1521214262.320037,1.0011348724365234,0,0.0,0.0
1521214263.321156,1.0011191368103027,0,0.0,0.0
t,",", ,d,",", ,a,",",b
1521214265.252985,0.00037598609924316406,0,0.0,0.0
1521214266.254159,1.001173973083496,0,0.0,0.0
1521214267.255277,1.0011179447174072,0,0.0,0.0
1521214268.256381,1.0011041164398193,0,0.0,0.0
1521214269.257488,1.0011069774627686,0,0.0,0.0
1521214270.258595,1.0011069774627686,0,0.0,0.0
1521214271.2597,1.0011050701141357,0,0.0,0.0
1521214272.260797,1.0010969638824463,0,0.0,0.0
1521214273.261907,1.0011100769042969,0,0.0,0.0
1521214274.26302,1.001112937927246,16777097,795496.1205132,21.371741999999998
1521214275.26412,1.0011000633239746,16777188,795500.4353328,6.68997
1521214276.26522,1.0010998249053955,16777179,795500.0085924,7.087752
1521214277.266332,1.0011119842529297,16776958,795489.4823291999,21.624876
1521214278.267442,1.0011100769042969,16776759,795480.0466248,39.199608
1521214279.268545,1.0011029243469238,16776911,795487.3012116,30.195269999999997
1521214280.269648,1.001103162765503,0,0.0,0.108486
1521214281.270746,1.0010979175567627,0,0.0,0.0
1521214282.271848,1.0011019706726074,0,0.0,0.0
1521214283.272944,1.0010960102081299,0,0.0,0.0
1521214284.274047,1.0011029243469238,0,0.0,0.0
1521214285.275152,1.0011050701141357,0,0.0,0.0
t,",", ,d,",", ,a,",",b
1521214828.190539,0.0012707710266113281,16769838,795151.8832572,645.202404
1521214829.191735,1.0011961460113525,16776742,795479.2405596001,41.477813999999995
1521214830.19286,1.0011248588562012,16776743,795479.2879752,41.5863
1521214831.193973,1.0011131763458252,16776739,795479.0983127999,41.622462
1521214832.195083,1.0011098384857178,16776746,795479.430222,41.333166
1521214833.19619,1.0011072158813477,16776735,795478.956066,41.875595999999994
1521214834.197299,1.0011088848114014,16776748,795479.5250532,41.11619399999999
1521214835.19842,1.0011210441589355,16776735,795478.956066,42.09256799999999
1521214836.199294,1.0008740425109863,16776747,795479.4776375999,41.04387
1521214837.200406,1.0011119842529297,16776737,795479.0508971999,41.947919999999996
1521214838.201526,1.00111985206604,16776740,795479.1457284,41.550138
1521214839.202637,1.0011110305786133,16776744,795479.3828064,41.40549
1521214840.203748,1.0011110305786133,16776736,795479.0034816,41.767109999999995
1521214841.204858,1.0011100769042969,16776748,795479.5724688,41.188517999999995
1521214842.205972,1.0011138916015625,16776733,795478.8138192,42.12873
1521214843.207089,1.0011169910430908,16776749,795479.6198844,41.152356
1521214844.208208,1.0011191368103027,16776736,795478.956066,42.273378
1521214845.209321,1.001112937927246,16776742,795479.2879752,41.5863
1521214846.210429,1.001107931137085,16776743,795479.2879752,41.694786
1521214847.211531,1.0011019706726074,16776740,795479.1457284,41.730948
1521214848.212635,1.0011041164398193,16776747,795479.4776375999,41.369328
1521214849.213737,1.0011019706726074,16776736,795478.956066,41.947919999999996
1521214850.214347,1.0006098747253418,16776749,795479.5724688,41.188517999999995
1521214851.215472,1.0011250972747803,16776734,795478.9086504,42.30954
1521214852.216595,1.0011229515075684,16776748,795479.5250532,41.22468
1521214853.217706,1.0011110305786133,16776737,795479.0508971999,42.201054
1521214854.218815,1.0011091232299805,16776741,795479.193144,41.658624
1521214855.219933,1.0011179447174072,16776743,795479.2879752,41.767109999999995
1521214856.221049,1.0011160373687744,16776738,795479.0983127999,42.020244
1521214857.222162,1.001112937927246,16776746,795479.4776375999,41.40549
1521214858.223268,1.0011060237884521,16776735,795478.9086504,42.12873
1521214859.224386,1.0011179447174072,16776747,795479.5250532,41.260842
1521214860.225496,1.0011100769042969,16776735,795478.9086504,42.237216
1521214861.226607,1.0011110305786133,16776746,795479.4776375999,41.22468
1521214862.227718,1.0011110305786133,16776738,795479.0508971999,42.164891999999995
1521214863.228826,1.001107931137085,16776740,795479.1457284,41.730948
1521214864.229918,1.0010919570922852,16776745,795479.3828064,41.513976
1521214865.231022,1.0011038780212402,16776736,795479.0034816,42.020244
1521214866.232127,1.0011050701141357,16776748,795479.5250532,41.260842
1521214867.233233,1.0011060237884521,16776733,795478.8612348,42.237216
1521214868.234334,1.001101016998291,16776747,795479.5250532,41.188517999999995
1521214869.235458,1.0011239051818848,16776735,795478.956066,42.201054
1521214870.236571,1.0011131763458252,16776741,795479.193144,41.550138
1521214871.237695,1.0011239051818848,16776744,795479.3353908,41.622462
1521214872.238816,1.0011210441589355,16776739,795479.0983127999,41.694786
1521214873.239941,1.0011248588562012,16776747,795479.5250532,41.441652
1521214874.241053,1.0011122226715088,16776735,795478.9086504,42.12873
1521214875.242162,1.0011088848114014,16776750,795479.6198844,41.260842
t,",", ,d,",", ,a,",",b
1521215014.459724,0.0005400180816650391,16711086,792366.1693416,374.855292
1521215015.460898,1.001173973083496,16776744,795479.3353908,41.441652
1521215016.462016,1.0011181831359863,16776738,795479.0983127999,42.164891999999995
1521215017.463138,1.001121997833252,16776743,795479.2879752,41.513976
1521215018.46425,1.0011119842529297,16776742,795479.2405596001,41.911758
1521215019.465349,1.001098871231079,16776736,795479.0034816,42.056406
1521215020.466445,1.0010960102081299,16776748,795479.5724688,41.333166
1521215021.467555,1.0011100769042969,16776734,795478.8612348,42.30954
1521215022.468671,1.0011160373687744,16776746,795479.4776375999,41.333166
1521215023.469778,1.0011069774627686,16776735,795478.956066,42.345702
1521215024.470887,1.0011088848114014,16776745,795479.3828064,41.369328
1521215025.471991,1.0011041164398193,16776739,795479.1457284,42.12873
1521215026.473124,1.0011329650878906,16776743,795479.2879752,41.513976
t,",", ,d,",", ,a,",",b
1521215321.507203,0.00024318695068359375,16637803,788891.4119267999,537.72894
1521215322.50837,1.001166820526123,16776740,795479.1457284,42.201054
1521215323.509475,1.0011050701141357,16776752,795479.7147155999,41.369328
1521215324.51059,1.001115083694458,16776740,795479.1457284,42.381864
1521215325.511694,1.0011038780212402,16776752,795479.7621311999,41.369328
1521215326.512788,1.001094102859497,16776743,795479.2879752,42.273378
1521215327.513895,1.0011069774627686,16776748,795479.5250532,41.550138
1521215328.51502,1.0011248588562012,16776745,795479.430222,41.984082
1521215329.516146,1.0011260509490967,16776742,795479.2405596001,42.020244
1521215330.517253,1.0011069774627686,16776753,795479.7621311999,41.441652
1521215331.518362,1.0011091232299805,16776738,795479.0983127999,42.30954
1521215332.519501,1.0011389255523682,16776752,795479.7621311999,41.297004
1521215333.520749,1.0012481212615967,16776740,795479.1457284,42.30954
1521215334.521876,1.001127004623413,16776751,795479.7147155999,41.22468
1521215335.522963,1.001086950302124,16776743,795479.3353908,42.09256799999999
1521215336.524065,1.0011019706726074,16776748,795479.5250532,41.40549
1521215337.525175,1.0011100769042969,16776744,795479.3828064,41.947919999999996
1521215338.526283,1.001107931137085,16776741,795479.2405596001,41.947919999999996
1521215339.5274,1.0011169910430908,16776752,795479.7147155999,41.297004
1521215340.52851,1.0011100769042969,16776738,795479.0983127999,42.237216
1521215341.529284,1.0007739067077637,16776753,795479.7621311999,41.188517999999995
1521215342.530369,1.0010850429534912,16776741,795479.193144,42.237216
1521215343.531481,1.0011119842529297,16776749,795479.6198844,41.297004
1521215344.532606,1.0011248588562012,16776743,795479.2879752,42.056406
1521215345.533713,1.0011072158813477,16776748,795479.5250532,41.441652
1521215346.534824,1.0011107921600342,16776746,795479.4776375999,41.875595999999994
1521215347.535933,1.0011091232299805,16776741,795479.193144,42.020244
1521215348.537037,1.0011038780212402,16776752,795479.7147155999,41.297004
1521215349.538153,1.0011160373687744,16776740,795479.193144,42.201054
1521215350.539264,1.0011110305786133,16776752,795479.7621311999,41.11619399999999
1521215351.540354,1.0010900497436523,16776741,795479.2405596001,42.09256799999999
1521215352.541441,1.001086950302124,16776749,795479.6198844,41.260842
1521215353.54251,1.0010690689086914,16776745,795479.430222,41.875595999999994
1521215354.543619,1.0011088848114014,16776746,795479.430222,41.513976
1521215355.544711,1.0010921955108643,16776748,795479.5724688,41.622462
1521215356.545797,1.0010859966278076,16776738,795479.0508971999,42.164891999999995
1521215357.546874,1.0010769367218018,16776752,795479.7621311999,41.22468
1521215358.547959,1.0010850429534912,16776740,795479.193144,42.273378
1521215359.549042,1.0010828971862793,16776750,795479.6673,41.11619399999999
1521215360.550148,1.0011060237884521,16776742,795479.2879752,42.056406
1521215361.551264,1.0011160373687744,16776747,795479.5250532,41.40549
1521215362.552346,1.001081943511963,16776745,795479.430222,41.767109999999995
1521215363.553441,1.0010950565338135,16776741,795479.193144,41.911758
1521215364.554554,1.001112937927246,16776748,795479.5724688,41.694786
1521215365.555659,1.0011050701141357,16776739,795479.0983127999,42.164891999999995
1521215366.556739,1.00108003616333,16776752,795479.7621311999,41.11619399999999
1521215367.557831,1.0010919570922852,16776739,795479.1457284,42.201054
1521215368.558934,1.0011029243469238,16776749,795479.6198844,41.22468
1521215369.56005,1.0011160373687744,16776743,795479.2879752,42.12873
1521215370.56117,1.0011200904846191,16776748,795479.5250532,41.477813999999995
1521215371.562267,1.0010969638824463,16776746,795479.430222,41.875595999999994
1521215372.563373,1.0011060237884521,16776741,795479.193144,42.09256799999999
1521215373.564476,1.0011029243469238,16776752,795479.7621311999,41.22468
1521215374.565582,1.0011060237884521,16776739,795479.0983127999,42.201054
1521215375.565886,1.0003039836883545,16776754,795479.8095468,41.11619399999999
1521215376.566994,1.001107931137085,16776741,795479.193144,42.201054
1521215377.568104,1.0011100769042969,16776750,795479.6198844,41.188517999999995
1521215378.569307,1.0012030601501465,16776744,795479.3353908,41.911758
1521215379.570394,1.001086950302124,16776748,795479.5250532,41.333166
1521215380.571471,1.0010769367218018,16776747,795479.5250532,41.5863
1521215381.572538,1.0010669231414795,16776740,795479.1457284,41.80327199999999
1521215382.573643,1.0011050701141357,16776753,795479.7621311999,41.11619399999999
1521215383.574761,1.0011179447174072,16776739,795479.0983127999,42.056406
1521215384.57584,1.0010790824890137,16776752,795479.7621311999,41.080032
1521215385.576934,1.001094102859497,16776741,795479.2405596001,42.201054
1521215386.57805,1.0011157989501953,16776750,795479.6198844,41.297004
1521215387.579158,1.001108169555664,16776743,795479.3353908,42.020244
1521215388.580283,1.0011248588562012,16776746,795479.4776375999,41.40549
1521215389.581395,1.0011119842529297,16776746,795479.4776375999,41.730948
1521215390.582507,1.0011119842529297,16776740,795479.193144,41.984082
1521215391.583613,1.0011060237884521,16776747,795479.5250532,41.658624
1521215392.584719,1.0011060237884521,16776739,795479.1457284,42.201054
1521215393.585827,1.001108169555664,16776751,795479.7147155999,41.188517999999995
1521215394.586933,1.001105785369873,16776741,795479.193144,42.164891999999995
1521215395.588038,1.0011050701141357,16776751,795479.6673,41.22468
1521215396.589151,1.001112937927246,16776744,795479.3353908,41.947919999999996
1521215397.590264,1.0011131763458252,16776747,795479.5250532,41.333166
1521215398.591368,1.0011038780212402,16776746,795479.4776375999,41.622462
1521215399.592474,1.0011060237884521,16776741,795479.193144,41.839434
1521215400.593587,1.001112937927246,16776753,795479.7621311999,41.188517999999995
1521215401.594688,1.001101016998291,16776739,795479.1457284,42.201054
1521215402.59579,1.0011019706726074,16776751,795479.7147155999,41.188517999999995
1521215403.596885,1.0010950565338135,16776742,795479.2405596001,42.056406
1521215404.598,1.001115083694458,16776749,795479.5724688,41.40549
1521215405.599115,1.001114845275879,16776746,795479.430222,41.947919999999996
1521215406.600205,1.0010900497436523,16776746,795479.4776375999,41.767109999999995
1521215407.601285,1.00108003616333,16776748,795479.5724688,41.730948
1521215408.602386,1.001101016998291,16776738,795479.0983127999,42.345702
1521215409.603501,1.001115083694458,16776753,795479.7621311999,41.260842
1521215410.604623,1.001121997833252,16776741,795479.193144,42.381864
1521215411.605741,1.0011179447174072,16776751,795479.6673,41.297004
1521215412.606851,1.0011100769042969,16776744,795479.3828064,42.237216
1521215413.60797,1.0011188983917236,16776748,795479.5250532,41.658624
1521215414.609081,1.0011110305786133,16776747,795479.4776375999,42.164891999999995
1521215415.610186,1.0011050701141357,16776746,795479.430222,41.839434
t,",", ,d,",", ,a,",",b
1521215416.659592,0.0008308887481689453,16776726,795478.5293256,43.792182
1521215417.660832,1.0012400150299072,16776738,795479.0983127999,42.418026
1521215418.661943,1.0011110305786133,16776753,795479.7621311999,41.333166
1521215419.663041,1.0010981559753418,16776741,795479.2405596001,42.345702
t,",", ,d,",", ,a,",",b
1521215428.940367,0.00045490264892578125,16772863,795295.3628628,387.945936
1521215429.941549,1.0011820793151855,16776745,795479.3828064,41.947919999999996
t,",", ,d,",", ,a,",",b
1521215459.301658,0.0018019676208496094,16763440,1228.7124359999998,794848.5182484
1521215460.302912,1.0012540817260742,16776745,41.875595999999994,795479.3828064
1521215461.304035,1.0011229515075684,16776751,41.767109999999995,795479.6673
1521215462.305153,1.0011179447174072,16776743,42.09256799999999,795479.2879752
1521215463.306268,1.001115083694458,16776753,41.477813999999995,795479.7621311999
1521215464.307371,1.0011029243469238,16776740,42.30954,795479.1457284
1521215465.308478,1.0011072158813477,16776754,41.40549,795479.8095468
t,",", ,d,",", ,a,",",b
1521215477.815689,0.00024509429931640625,16771350,795223.62306,523.227978
1521215478.816878,1.0011889934539795,16776744,795479.3828064,42.056406
1521215479.817992,1.0011138916015625,16776748,795479.5724688,41.513976
1521215480.819105,1.001112937927246,16776747,795479.4776375999,41.839434
1521215481.819302,1.000197172164917,16776746,795479.4776375999,41.694786
t,",", ,d,",", ,a,",",b
1521216874.79296,0.00026702880859375,785936.1872412,2036.2460579999997
1521216875.794151,1.0011911392211914,795479.1457284,42.418026
1521216876.795257,1.0011060237884521,795479.6198844,41.369328
1521216877.796363,1.0011060237884521,795479.2405596001,42.201054
1521216878.797464,1.001100778579712,795479.4776375999,41.550138
t,",", ,d,",", ,a,",",b
t,",", ,d,",", ,a,",",b
t,",", ,d,",", ,a,",",b
t,",", ,d,",", ,a,",",b
t,",", ,d,",", ,a,",",b
t,",", ,d,",", ,a,",",b
t,",", ,d,",", ,a,",",b
t,",", ,d,",", ,a,",",b
t,",", ,d,",", ,a,",",b
t,",", ,d,",", ,a,",",b
t,",", ,d,",", ,a,",",b
                         t,",", ,d,",", ,a,",",b
t,",", ,d,",", ,a,",",b
t,",", ,d,",", ,a,",",b
t,",", ,d,",", ,a,",",b
t,",", ,d,",", ,a,",",b
t,",", ,d,",", ,a,",",b
t,",", ,d,",", ,a,",",b
t,",", ,d,",", ,a,",",b
t,",", ,d,",", ,a,",",b
